key,count
nmb---nmbr,20
ccl11---ccr3,20
pthlh---pth1r,20
ccl2---ccr2,20
cxcl13---cxcr5,20
cxcl1---cxcr2,20
grp---grpr,20
ccl20---ccr6,20
ccl19---ccr7,20
cxcl1---cxcr1,20
cd70---cd27,20
cxcl2---cxcr2,20
ccl17---ccr4,20
ccl5---ccr5,20
ccl1---ccr8,20
ccl3---ccr5,20
ccl5---ccr3,20
ccl19---ackr4,20
ccl5---ccr1,20
adcyap1---adcyap1r1,20
cxcl10---cxcr3,20
gas6---tyro3,19
cx3cl1---cx3cr1,19
pf4---cxcr3,19
hgf---met,19
npy---npy2r,19
thpo---mpl,19
epo---epor,19
npy---npy1r,19
cxcl9---cxcr3,19
fgf2---fgfr3,19
fgf2---fgfr4,19
ccl21---ccr7,19
cd40lg---cd40,19
fgf2---fgfr2,19
jag1---notch4,19
fgf20---fgfr4,19
efna5---epha2,19
il17b---il17rb,19
ccl25---ackr4,19
guca2a---gucy2c,19
efna3---epha8,19
tac1---tacr1,19
pdgfc---pdgfra,19
nts---ntsr1,19
efna3---epha4,19
efna2---epha2,19
efna2---epha3,19
ccl22---ccr4,19
efna3---epha7,19
fgf1---fgfr1,19
insl3---rxfp2,19
fgf1---fgfr2,19
fgf1---fgfr3,19
fgf1---fgfr4,19
gas6---axl,19
gas6---mertk,19
edn1---ednrb,19
cxcl3---cxcr2,19
calca---calcr,19
dll4---notch1,19
efnb2---ephb2,19
cort---sstr1,19
dll4---notch4,19
insl5---rxfp4,19
anxa1---fpr1,19
ccl7---ccr3,19
csf1---csf1r,19
ccl25---ccr9,19
ccl7---ccr2,19
tnfsf11---tnfrsf11a,19
crh---crhr1,19
crh---crhr2,19
angpt1---tek,19
ccl7---ccr1,19
angpt2---tek,19
efnb3---epha4,19
efna2---epha7,19
efnb3---ephb2,19
sema5a---plxnb3,19
fgf2---fgfr1,19
eda---eda2r,19
efna2---epha4,19
ccl21---ackr4,19
dll1---notch1,19
dll1---notch2,19
csf3---csf3r,19
efna3---epha3,19
dll1---notch3,19
efna3---epha2,19
ccl8---ccr2,19
efnb1---ephb2,19
cxcl11---ackr3,19
ccl5---ackr2,19
ptn---alk,19
ccl28---ccr3,19
ccl28---ccr10,19
sst---sstr1,19
ccl2---ackr2,19
mdk---alk,19
mdk---lrp1,19
apln---aplnr,19
efna3---epha1,19
efna4---epha2,19
pdgfa---pdgfra,19
fgf23---fgfr3,19
cxcl13---cxcr3,19
fgf23---fgfr4,19
cck---cckbr,19
ccl15---ccr1,19
ccl26---ccr3,19
efna2---epha8,19
igf1---igf1r,19
cxcl11---cxcr3,19
cxcl12---ackr3,19
lta---tnfrsf1a,19
ccl14---ccr1,19
ccl11---ackr2,19
efna5---epha4,19
efna1---epha4,19
efna1---epha3,19
fgf4---fgfr4,19
gal---galr2,19
efna1---epha2,19
fgf4---fgfr1,19
fgf4---fgfr3,19
fgf4---fgfr2,19
lta---tnfrsf14,19
il16---cd4,19
efna5---epha8,19
ccl5---ccr4,19
edn2---ednrb,19
xcl1---xcr1,19
edn2---ednra,19
efna4---epha8,19
efna4---epha7,19
efna4---epha4,19
efna1---epha8,19
efna5---epha7,19
ccl4---ccr5,19
jag1---notch1,19
jag1---notch2,19
avp---avpr2,19
efna1---epha7,19
cxcl12---cxcr4,19
jag1---notch3,19
edn3---ednrb,19
avp---avpr1a,19
wnt5a---fzd2,18
fgf9---fgfr2,18
anxa1---fpr2,18
nppa---npr1,18
efna1---epha1,18
insl5---rxfp3,18
efnb2---ephb4,18
efnb2---ephb3,18
tnf---tnfrsf1a,18
btc---egfr,18
sema7a---plxnc1,18
ccl8---ccr1,18
wnt5a---fzd1,18
efnb2---epha4,18
fgf9---fgfr3,18
calca---calcrl,18
fgf9---fgfr4,18
efnb2---ephb1,18
efna5---ephb2,18
efnb3---ephb3,18
efna2---epha1,18
nppb---npr1,18
tnfsf18---tnfrsf18,18
kiss1---kiss1r,18
wnt5a---fzd6,18
cxcl5---cxcr2,18
tnfsf15---tnfrsf25,18
fgf19---fgfr1,18
fgf19---fgfr2,18
tnfsf14---tnfrsf14,18
tnfsf14---ltbr,18
sema4c---plxnb2,18
wnt5a---fzd5,18
sema4d---cd72,18
tnfsf12---tnfrsf12a,18
tnfsf13b---tnfrsf17,18
sema4d---plxnb1,18
sema4d---plxnb2,18
tnfsf13b---tnfrsf13b,18
tnfsf13---tnfrsf17,18
tnfsf13---tnfrsf13b,18
btc---erbb4,18
tnfsf11---tnfrsf11b,18
efna1---epha5,18
penk---oprd1,18
tnfsf10---tnfrsf10a,18
sema6a---plxna4,18
wnt5a---fzd4,18
fgf19---fgfr4,18
sema6d---plxna1,18
fgf19---fgfr3,18
saa1---fpr2,18
fgf3---fgfr2,18
ccl27---ccr10,18
fgf3---fgfr1,18
lta---tnfrsf1b,18
flt3lg---flt3,18
pyy---npy1r,18
thbs1---sdc1,18
hbegf---egfr,18
hbegf---erbb4,18
ngf---ngfr,18
efna5---epha3,18
galp---galr2,18
galp---galr1,18
efnb1---ephb1,18
thbs1---cd47,18
thbs1---cd36,18
fgf23---fgfr1,18
areg---egfr,18
edn1---ednra,18
cxcl16---cxcr6,18
ccl24---ccr3,18
avp---avpr1b,18
tac1---tacr2,18
fgf22---fgfr2,18
hcrt---hcrtr1,18
guca2b---gucy2c,18
tac4---tacr1,18
efna5---epha1,18
npb---npbwr1,18
ccl23---ccr1,18
fgf9---fgfr1,18
fgf8---fgfr4,18
fgf8---fgfr2,18
fgf8---fgfr1,18
sst---sstr2,18
fgf7---fgfr2,18
sst---sstr3,18
sst---sstr4,18
fgf6---fgfr4,18
efnb1---ephb4,18
efnb1---ephb3,18
fgf6---fgfr3,18
fgf6---fgfr1,18
nms---nmur1,18
gal---galr1,18
nms---nmur2,18
fgf5---fgfr4,18
fgf5---fgfr3,18
fgf5---fgfr2,18
fgf5---fgfr1,18
gcg---gcgr,18
efna2---epha5,18
npff---npffr2,18
npff---npffr1,18
edn3---ednra,18
eda---edar,18
efna5---epha5,18
pgf---flt1,18
nmu---nmur1,18
nmu---nmur2,18
rln1---rxfp2,18
kitlg---kit,18
rln3---rxfp4,18
ccl16---ccr1,18
ghrh---vipr1,18
il13---il13ra2,18
epgn---egfr,18
il13---il13ra1,18
rln3---rxfp2,18
ccl4---ackr2,18
ptn---ptprz1,18
rln3---rxfp1,18
efna4---epha5,18
cort---sstr3,18
pros1---tyro3,18
ghrh---ghrhr,18
npw---npbwr1,18
trh---trhr,18
igf2---igf2r,18
ccl13---ackr2,18
prok2---prokr1,18
fgf16---fgfr2,18
cck---cckar,18
dll4---notch2,18
dll4---notch3,18
fgf16---fgfr3,18
cort---sstr2,18
ccl14---ackr2,18
il1b---il1r2,18
pdgfd---pdgfrb,18
efna3---epha5,18
il1a---il1r2,18
ccl3---ackr2,18
pth---pth1r,18
sema3c---plxnd1,18
pomc---oprd1,18
jag2---notch3,18
jag2---notch2,18
jag2---notch1,18
ppbp---cxcr2,18
sema3e---plxnd1,18
spp1---cd44,18
pomc---mc1r,18
pth---pth2r,18
agt---agtr1,18
fshb---fshr,18
fgf10---fgfr1,18
ghrl---ghsr,18
selplg---selp,18
fgf10---fgfr2,18
pdgfb---pdgfrb,18
selplg---sell,18
pdgfb---pdgfra,18
dll1---notch4,18
selplg---sele,18
ccl3---ccr1,18
fgf17---fgfr3,18
fgf17---fgfr4,18
adm---calcr,18
efna4---epha3,18
nps---npsr1,18
iapp---calcr,18
lep---lepr,18
igf2---igf1r,18
fgf18---fgfr1,18
prl---prlr,18
adipoq---adipor1,18
fgf18---fgfr2,18
gnrh1---gnrhr,18
fgf17---fgfr2,18
fgf18---fgfr4,18
ncam1---fgfr1,18
prok1---prokr2,18
prok1---prokr1,18
faslg---fas,18
efna4---epha1,18
egf---egfr,18
nppc---npr2,18
tnfsf9---tnfrsf9,18
tnfsf8---tnfrsf8,18
tnfsf4---tnfrsf4,18
efnb3---ephb6,18
tnfsf13b---tnfrsf13c,18
fgf18---fgfr3,18
npvf---npffr2,18
oxt---oxtr,18
fgf17---fgfr1,18
pdyn---oprd1,18
pdyn---oprk1,18
npvf---npffr1,18
cort---sstr4,18
ngf---ntrk1,17
adcyap1---vipr2,17
ucn2---crhr1,17
ucn2---crhr2,17
ins---insr,17
btla---tnfrsf14,17
nts---ntsr2,17
wnt11---fzd7,17
f2---f2rl1,17
fgf6---fgfr2,17
vegfc---kdr,17
wnt5a---fzd7,17
wnt5a---fzd8,17
tac3---tacr3,17
gh1---ghr,17
jag2---notch4,17
adcyap1---vipr1,17
pyy---npy5r,17
uts2b---uts2r,17
qrfp---qrfpr,17
agt---mas1,17
ereg---egfr,17
pyy---npy2r,17
rarres2---cmklr1,17
fgf7---fgfr1,17
vegfa---flt1,17
cga---lhcgr,17
ccl11---ccr5,17
nrg1---erbb4,17
adm---calcrl,17
ccl11---ccr2,17
pros1---axl,17
nrg2---erbb3,17
nrg1---erbb3,17
nrg3---erbb4,17
nrg4---erbb4,17
psap---gpr37,17
xcl2---xcr1,17
psap---gpr37l1,17
prok2---prokr2,17
ntf3---ntrk1,17
ntf3---ntrk3,17
npy---npy5r,17
hcrt---hcrtr2,17
ostn---npr3,17
tgfa---egfr,17
adipoq---adipor2,17
ntf3---ntrk2,17
vegfc---flt4,17
c3---c3ar1,17
ccl11---cxcr3,17
prlh---prlhr,17
vegfa---kdr,17
ccl13---ccr1,17
ccl13---ackr4,17
fgf8---fgfr3,17
sct---sctr,17
pomc---mc2r,17
penk---oprm1,17
pdyn---oprm1,17
sema6a---plxna2,17
vip---vipr2,17
rln1---rxfp1,17
kng1---bdkrb1,17
vip---vipr1,17
gcg---glp2r,17
cxcl2---cxcr1,17
cort---sstr5,17
gip---gipr,17
cd274---pdcd1,17
fgf16---fgfr4,17
plg---f2r,17
plg---f2rl1,17
lhb---lhcgr,17
sst---sstr5,17
ccl8---ackr2,17
icam1---itgal,17
mdk---ptprz1,17
tnf---tnfrsf1b,17
efnb3---ephb4,17
ptn---sdc3,17
mdk---sdc1,17
mdk---sdc4,17
pth2---pth2r,17
dlk1---notch1,17
il34---csf1r,17
bdnf---ntrk2,17
ccl7---ackr2,17
efnb3---ephb1,17
cd34---selp,17
pmch---mchr1,17
npy---npy4r,17
app---cd74,17
pomc---mc5r,17
cxcl6---cxcr1,17
pomc---mc3r,17
pomc---mc4r,17
calcb---calcrl,17
calcb---calcr,17
cxcl6---cxcr2,17
pomc---oprm1,17
ccl8---ccr5,16
dll3---notch3,16
cxcl3---cxcr1,16
ccl8---ccr3,16
fgf16---fgfr1,16
ccl13---ccr2,16
ccl13---ccr3,16
nlgn1---nrxn1,16
fgf4---nrp1,16
il12a---il12rb1,16
rspo2---lgr4,16
cxcl11---ccr3,16
rspo2---lgr6,16
rspo1---lgr6,16
cga---fshr,16
dll3---notch2,16
nrg2---erbb4,16
wnt5a---mcam,16
cxcl10---ccr3,16
ccl8---ackr4,16
tnfsf10---tnfrsf11b,16
sema4g---plxnb2,16
reln---lrp8,16
gal---galr3,16
cga---tshr,16
hla-g---lilrb2,16
ccl19---ccrl2,16
f2---f2rl2,16
hla-g---lilrb1,16
angpt1---itga5,16
reln---vldlr,16
ccl19---cxcr3,16
cxcl5---cxcr1,16
ccl7---ccr5,16
gh1---prlr,16
efnb2---ephb6,16
f2---f2r,16
lgals9---havcr2,16
rspo1---lgr4,16
rspo1---lgr5,16
uts2---uts2r,16
dll3---notch4,16
oxt---avpr2,16
scgb3a2---marco,16
efnb1---epha4,16
ccl20---cxcr3,16
apob---ldlr,16
pth2---pth1r,16
gcg---glp1r,16
ntf4---ntrk2,16
kng1---bdkrb2,16
col1a1---cd44,16
agt---agtr2,16
grp---nmbr,16
apoe---ldlr,16
ucn3---crhr2,16
ucn3---crhr1,16
apoe---scarb1,16
sost---lrp6,16
fgf2---sdc2,16
fgf2---sdc1,16
cxcl9---ccr3,16
fgf2---nrp1,16
ucn---crhr2,16
ucn---crhr1,16
pyy---npy4r,16
ereg---erbb4,16
dlk1---notch3,16
dlk1---notch2,16
c4a---c3ar1,16
c5---c5ar1,16
fgf1---nrp1,16
thbs2---cd47,16
cdh1---klrg1,16
cd34---sell,16
ccl14---ccr5,16
ptn---sdc1,16
pnoc---oprl1,16
ppy---npy2r,16
fn1---cd44,16
hla-c---kir2dl3,16
hla-c---kir2dl1,16
ccl26---ccr2,16
rln3---rxfp3,16
efnb1---ephb6,16
ltb---ltbr,16
vegfb---flt1,16
pdgfa---pdgfrb,16
dll3---notch1,16
ppy---npy5r,16
ntn1---dcc,16
ccl16---ccr5,16
cxcl13---ackr4,16
rspo3---lgr6,16
apob---lrp2,16
mst1---mst1r,16
rspo3---lgr5,16
ccl5---gpr75,16
bmp15---bmpr1b,15
rarres2---gpr1,15
cd86---cd28,15
oxt---avpr1a,15
bmp10---acvrl1,15
spp1---itgav,15
ccl5---sdc1,15
bmp2---bmpr1a,15
bmp2---bmpr1b,15
ccl5---cxcr3,15
wnt5a---ror2,15
bmp4---bmpr1a,15
efna4---epha6,15
ccl7---cxcr3,15
bmp4---bmpr1b,15
spp1---itgb1,15
bmp7---acvr1,15
nid1---itgav,15
cxcl1---ackr1,15
bmp7---bmpr1a,15
efna5---epha6,15
il1b---il1r1,15
pomc---oprk1,15
tshb---tshr,15
icoslg---icos,15
icam5---itgal,15
icam4---itgb2,15
icam4---itgav,15
icam4---itgam,15
icam3---itgb2,15
icam2---itgb2,15
podxl2---sell,15
pthlh---pth2r,15
icam1---itgb2,15
cort---ghsr,15
il20---il20ra,15
hla-c---kir2ds4,15
il21---il21r,15
il22---il22ra2,15
hspg2---itgb1,15
egf---erbb3,15
egf---erbb2,15
il27---il27ra,15
hp---itgam,15
il31---il31ra,15
nppb---npr3,15
angpt4---tek,15
nppb---npr2,15
angptl3---itgav,15
tnfsf10---tnfrsf10d,15
nppa---npr3,15
anxa1---fpr3,15
il20---il22ra1,15
adam9---itga6,15
adam9---itgav,15
ihh---cdon,15
adcyap1---sctr,15
nrtn---ret,15
faslg---tnfrsf6b,15
prnd---rpsa,15
il10---il10ra,15
igfl3---igflr1,15
ntf3---ngfr,15
il11---il11ra,15
il11---il6st,15
f2---f2rl3,15
lama5---bcam,15
ppy---npy4r,15
agt---lrp2,15
l1cam---itgav,15
fga---itga2b,15
fga---itgb2,15
ntn1---neo1,15
l1cam---erbb3,15
ntn1---unc5a,15
il16---grin2d,15
ntn1---unc5c,15
ntn3---neo1,15
il17a---il17ra,15
agrp---mc3r,15
il17f---il17ra,15
ifnb1---ifnar1,15
pspn---ret,15
il1a---il1r1,15
ppy---npy1r,15
thbs1---sdc4,15
thbs1---lrp1,15
fgf2---sdc3,15
fgf2---sdc4,15
hgf---cd44,15
col1a2---cd44,15
tgfb2---tgfbr3,15
tgfb2---tgfbr1,15
tgfb1---tgfbr1,15
tgfb1---sdc2,15
artn---ret,15
fgf20---fgfr1,15
fgf20---fgfr2,15
fgf20---fgfr3,15
fgf23---fgfr2,15
efnb2---epha6,15
ltb---cd40,15
ltb---tnfrsf1a,15
avp---oxtr,15
clcf1---crlf1,15
clcf1---cntfr,15
fgf7---nrp1,15
nmb---grpr,15
nmb---brs3,15
nlgn3---nrxn2,15
nlgn3---nrxn1,15
raet1e---klrk1,15
nlgn2---nrxn2,15
nlgn2---nrxn1,15
nlgn1---nrxn2,15
rarres2---ccrl2,15
lta---ltbr,15
il4---il2rg,15
efnb2---epha3,15
il4---il4r,15
npnt---itgb1,15
hla-e---klrc2,15
osm---lifr,15
npnt---itga8,15
hla-e---klrc1,15
osm---osmr,15
tnc---sdc4,15
il5---csf2rb,15
tnc---itgb1,15
fgf2---cd44,15
lif---lifr,15
efnb1---erbb2,15
app---tnfrsf21,15
hgf---sdc1,15
hgf---sdc2,15
fgf2---gpc4,15
fgf2---fgfrl1,15
app---fpr2,15
il9---il9r,15
hla-a---kir3dl1,15
csf2---csf2ra,15
apoe---lrp5,15
apoe---lrp1,15
plau---plaur,15
il7---il7r,15
csf2---sdc2,15
hla-b---kir3dl1,15
plg---itga9,15
csf2---csf3r,15
apoe---lrp8,15
ccl2---ccr4,15
ccl2---ccr3,15
calr---lrp1,15
ccl16---ccr2,15
ccl25---ackr2,15
slit1---robo1,15
ccl15---ccr3,15
gdf5---bmpr1b,15
gdf5---ror2,15
efna1---epha6,15
pf4---procr,15
c3---c5ar2,15
sct---vipr2,15
ccl2---ackr1,15
pf4---thbd,15
ccl13---cxcr3,15
inha---acvr2a,15
ccl13---ccr5,15
ccl11---ackr4,15
sema7a---itgb1,15
ccl14---ccr3,15
dkk1---lrp5,15
dkk1---lrp6,15
shh---cdon,15
dkk1---kremen2,15
dkk1---kremen1,15
sema3a---nrp1,15
dkk2---lrp6,15
gdf2---acvrl1,15
ccl17---ccr8,15
sema3c---nrp1,15
ccl16---ccr8,15
slit2---robo4,15
pdgfb---lrp1,15
slit2---robo1,15
pf4---fgfr2,15
s100a8---tlr4,15
ccl17---ackr2,15
ccl24---ccr2,15
sema3c---nrp2,15
ccl17---ackr1,15
ebi3---il27ra,15
gast---cckbr,15
efna3---epha6,15
efna2---epha6,15
btc---erbb2,15
ccl4---ccr1,15
rspo3---sdc4,15
gdnf---ret,15
rspo3---lgr4,15
ccl3l1---ccr1,15
gdf9---tgfbr1,15
pgf---nrp1,15
sema5a---met,15
rspo4---lgr6,15
sema3f---nrp2,15
ccl5---ackr1,15
inhbb---acvr1c,15
rspo1---lrp6,15
sost---lrp5,15
rspo4---lgr5,15
adam17---itga5,15
pgf---nrp2,15
rspo2---lgr5,15
ebi3---il6st,14
csf3---csf1r,14
sema4d---erbb2,14
gdf11---acvr1b,14
sema4b---dcbld2,14
il7---il2rg,14
apob---lsr,14
sema4d---met,14
timp1---cd63,14
penk---mrgprx1,14
ccl21---ackr2,14
apoe---lrp2,14
tnfsf14---tnfrsf6b,14
sema4a---plxnd1,14
sema4a---plxnb2,14
angptl3---itgb3,14
csh1---prlr,14
plau---lrp1,14
apoe---vldlr,14
hla-a---kir3dl2,14
shh---boc,14
ccl19---ackr2,14
shh---hhip,14
plau---lrp2,14
sema6d---kdr,14
hla-g---klrc1,14
tnc---egfr,14
kng1---rxfp4,14
il5---il5ra,14
tnc---itga7,14
serping1---selp,14
efnb2---pecam1,14
tnc---sdc1,14
kng1---itgb2,14
serpine1---lrp1,14
hla-g---kir2dl4,14
osm---il6st,14
il4---il13ra2,14
il4---il13ra1,14
kng1---plaur,14
serping1---sele,14
ccl2---ccr5,14
ccl19---ccr10,14
tnfsf13---sdc2,14
plg---f3,14
ccl2---ccr10,14
csf2---csf2rb,14
calca---ramp2,14
ccl2---ccr1,14
plg---plgrkt,14
penk---oprk1,14
csf2---csf1r,14
tnfsf10---tnfrsf10c,14
plg---itgb1,14
vwf---tnfrsf11b,14
tnfsf10---tnfrsf10b,14
ccl2---ackr4,14
hla-c---lilrb2,14
kng1---gp1ba,14
hbegf---erbb2,14
ccl26---ccr1,14
nodal---acvr1b,14
nodal---acvr1c,14
wnt3---fzd8,14
wnt3---fzd7,14
c1qa---cd93,14
cntf---cntfr,14
sema4a---plxnb1,14
lrpap1---vldlr,14
lrpap1---sort1,14
wnt3---fzd1,14
plau---igf2r,14
lrpap1---lrp8,14
tg---lrp2,14
lrpap1---ldlr,14
hcrt---npffr2,14
cntn2---cntn1,14
tf---tfrc,14
fgf7---fgfr3,14
rspo3---fzd8,14
wnt3a---fzd8,14
clcf1---il6st,14
wnt3a---fzd7,14
rspo3---lrp6,14
wnt3a---fzd6,14
wnt3a---fzd5,14
ctf1---il6st,14
fgf3---fgfr3,14
cxcl13---ccr10,14
wnt3a---fzd2,14
rtn4---cntnap1,14
rtn4---lingo1,14
has2---cd44,14
wnt3a---fzd1,14
has2---hmmr,14
ctf1---lifr,14
rspo4---lgr4,14
c3---itgb2,14
s100a9---tlr4,14
thbs1---itga3,14
thbs1---itgb1,14
thbs1---itgb3,14
ccl22---ackr2,14
col2a1---ddr1,14
thbs1---tnfrsf11b,14
cntn2---nrcam,14
col2a1---mag,14
app---ncstn,14
col3a1---ddr2,14
app---lrp1,14
col4a1---itgb1,14
shh---smo,14
shh---ptch1,14
wnt1---fzd8,14
shh---lrp2,14
liph---lpar1,14
tgfa---erbb4,14
npb---npbwr2,14
wnt2---fzd9,14
tgfb1---acvrl1,14
pf4---sdc2,14
ccl25---ccr10,14
tgfb1---itgb8,14
artn---gfra3,14
areg---erbb3,14
wnt2---fzd1,14
col18a1---itgb1,14
tgfb1---tgfbr2,14
tgfb1---tgfbr3,14
col1a1---ddr1,14
tgfb2---tgfbr2,14
pf4---ldlr,14
tgfb3---tgfbr1,14
tgfb3---tgfbr3,14
artn---gfra1,14
ifnl1---il10rb,14
gdf5---bmpr1a,14
gdf5---bmpr2,14
ntf4---ngfr,14
il12b---il12rb1,14
gdf6---bmpr1a,14
pdcd1lg2---pdcd1,14
sct---vipr1,14
vegfa---nrp2,14
cxcl12---cxcr3,14
adm2---calcrl,14
gdf6---bmpr1b,14
il12a---il12rb2,14
adm---ramp2,14
igf2---insr,14
vegfa---gpc1,14
gh2---ghr,14
gdf7---bmpr1a,14
fbn1---itgav,14
vegfa---nrp1,14
ntng2---lrrc4,14
ntn4---unc5a,14
il17a---il17rc,14
ntn4---dcc,14
ntn3---cdon,14
ifng---ifngr1,14
il16---kcnj10,14
il16---grin2c,14
l1cam---cntn1,14
gdf5---acvr2b,14
fga---itgb3,14
ccl16---hrh4,14
fga---itgb1,14
il15---il2rg,14
il15---il15ra,14
ntn1---adora2b,14
l1cam---itga5,14
psap---lrp1,14
gdf5---acvr1,14
gdf2---bmpr2,14
vcam1---itgb2,14
vcam1---itgb1,14
proc---procr,14
adam9---itgb5,14
adam9---itgb1,14
dcn---erbb4,14
dcn---egfr,14
adam9---itga3,14
lama1---itgb1,14
mln---mlnr,14
adam12---itgb1,14
adam12---sdc4,14
adam2---itgb1,14
adam15---itga9,14
adam15---itgb1,14
adam2---itga6,14
adam17---notch1,14
lama1---itga7,14
adam17---itgb1,14
adam12---itga9,14
gdf9---acvr2a,14
f2---thbd,14
il10---il10rb,14
lama2---rpsa,14
fat4---dchs1,14
nrtn---gfra1,14
nrtn---gfra2,14
gdf9---bmpr1b,14
f8---lrp1,14
vcam1---itgb7,14
scgb3a1---marco,14
lama2---itgb1,14
gdnf---gfra2,14
gdnf---gfra1,14
dcn---met,14
lama2---itga7,14
lama1---itga1,14
ihh---hhip,14
lama1---itga2,14
ihh---ptch1,14
gdf9---bmpr2,14
il21---il2rg,14
sema3f---nrp1,14
cxcl8---cxcr1,14
cxcl8---cxcr2,14
npw---npbwr2,14
il20---il20rb,14
il2---ngfr,14
il2---il2rg,14
icam1---itgam,14
psen1---ncstn,14
icam1---spn,14
icam2---itgal,14
icam2---itgam,14
icam3---itgal,14
icam4---itga2b,14
icam4---itga4,14
icam4---itgal,14
icam4---itgb1,14
il1rn---il1r2,14
il2---il2ra,14
angptl1---tek,14
sema3g---nrp2,14
sema3f---plxna3,14
il31---osmr,14
il3---il3ra,14
nppc---npr3,14
lgals3bp---itgb1,14
angpt1---tie1,14
egf---erbb4,14
amelx---lamp1,14
il24---il22ra1,14
il24---il20ra,14
il23a---il23r,14
il23a---il12rb1,14
lefty2---acvr2b,14
amh---amhr2,14
amh---acvr1,14
il22---il22ra1,14
iapp---ramp2,14
omg---lingo1,14
hspg2---col13a1,14
pspn---gfra4,14
ifna6---ifnar1,14
sema3a---plxna4,14
ppbp---cxcr1,14
sema3a---plxna2,14
ucn2---il10rb,14
sema3a---plxna1,14
pdgfc---pdgfrb,14
ifnb1---ifnar2,14
il1rn---il1r1,14
agrp---sdc3,14
vegfc---nrp2,14
agrp---mc5r,14
pdgfc---flt4,14
psen1---notch3,14
agrn---musk,14
psen1---notch2,14
lamb2---rpsa,14
psen1---notch1,14
ghrl---gpr39,14
icam5---itgb2,14
dlk2---notch1,14
dlk1---notch4,14
tslp---il7r,14
calr---itga3,14
calr---itgav,14
calr---mtnr1a,14
ifna10---ifnar1,14
calr---scarf1,14
il19---il20ra,14
ifna14---ifnar1,14
ifna2---ifnar1,14
nxph3---nrxn2,14
nxph3---nrxn1,14
nxph1---nrxn3,14
nxph1---nrxn2,14
nxph1---nrxn1,14
npy---prlhr,14
nts---sort1,14
il19---il20rb,14
calr---tshr,14
inhbc---acvr2b,14
btc---erbb3,14
bmp2---acvr2b,14
bgn---tlr4,14
mdk---sdc3,14
bmp2---bmpr2,14
inhbc---acvr2a,14
inha---tgfbr3,14
tac4---tacr2,14
nlgn3---nrxn3,14
inhba---acvr1b,14
wnt7a---fzd5,14
ccl7---ccr10,14
slit2---gpc1,14
grp---brs3,14
bmp5---bmpr1a,14
grem1---kdr,14
bdnf---sort1,14
wnt5a---ryk,14
inhba---tgfbr3,14
inhbb---acvr1b,14
mfge8---pdgfrb,14
bmp4---bmpr2,14
slit2---robo2,14
bdnf---ngfr,14
inhbb---acvr2a,14
bmp10---bmpr1b,14
bmp10---bmpr2,14
wnt7a---fzd9,14
nid1---ptprf,14
wnt5a---fzd3,14
bmp15---bmpr1a,14
mfge8---itgav,14
mfge8---itgb3,14
tac4---tacr3,14
cd80---cd28,14
wnt5a---ror1,14
bmp15---bmpr2,14
cd80---ctla4,14
fn1---itga2b,14
ccl5---sdc4,14
inhbb---acvr2b,14
cd86---ctla4,14
bgn---tlr2,14
cd24---selp,14
inhba---bambi,14
fn1---itgb1,14
ndp---lgr4,14
slit1---gpc1,14
rgma---neo1,14
ccl3---ccr3,14
oxt---avpr1b,14
rln2---rxfp1,14
chad---itgb1,14
spp1---itga4,14
ngf---sorcs3,14
ngf---sort1,14
efna3---ephb1,14
efna5---ephb6,14
inhba---acvr2a,14
ccl4---ccr3,14
nampt---insr,14
ccl4---ccr8,14
rln2---rxfp2,14
spink1---egfr,14
tac1---tacr3,14
inhba---acvr2b,14
ccl5---ackr4,14
reln---itgb1,14
tac3---tacr1,14
bmp6---acvr1,14
cxcl12---cd4,14
cd14---itga4,14
fn1---itgb7,14
bmp6---bmpr1a,14
chad---itga2,14
cdh1---itgb7,14
cdh1---ptprm,14
bmp6---bmpr1b,14
nlgn1---nrxn3,14
bmp7---acvr2a,14
slit2---sdc1,14
bmp7---acvr2b,14
gal---gpr151,14
nid1---itgb3,14
bmp7---bmpr1b,14
slit3---robo2,14
gzmb---igf2r,14
spp1---itga9,14
ndp---fzd4,14
wnt5a---lrp5,14
hspg2---ptprs,13
omg---rtn4r,13
iapp---ramp1,13
il24---il20rb,13
cd274---cd80,13
pmch---mchr2,13
colq---musk,13
inhbb---acvr1,13
amh---egfr,13
madcam1---itgb7,13
fgf12---fgfr1,13
icam4---itgb3,13
gnas---gcgr,13
fgf12---fgfr2,13
fgf12---fgfr3,13
fgf12---fgfr4,13
il2---cd53,13
icam3---itgad,13
icam3---clec4m,13
fgf13---fgfr1,13
fgf13---fgfr2,13
nectin2---cd226,13
podxl---sell,13
vip---adcyap1r1,13
fgf13---fgfr3,13
hspg2---itga2,13
icam1---itgax,13
il2---il2rb,13
fgf13---fgfr4,13
icam1---il2ra,13
fgf13---scn5a,13
ptn---plxnb2,13
ptn---ptprb,13
ptn---ptprs,13
cort---mrgprx2,13
cxcl8---ackr1,13
lcn1---lmbr1l,13
cp---slc40a1,13
iapp---ramp3,13
il22---il10ra,13
il22---il10rb,13
cd14---itgb1,13
pltp---abca1,13
tnc---itgav,13
tnc---ptprb,13
serpine1---lrp2,13
mmp9---lrp1,13
cdh1---igf1r,13
tnf---tnfrsf21,13
cd5l---cd5,13
hla-e---klrd1,13
mmp9---cd44,13
mmp7---cd44,13
cdh1---egfr,13
fgf19---klb,13
sema7a---itga1,13
efnb2---grm5,13
il4---cd53,13
mmp9---ephb2,13
apod---lepr,13
sftpa1---tlr2,13
efnb1---epha6,13
sfrp1---fzd2,13
gip---dpp4,13
il6---il6st,13
hla-b---lilrb1,13
tnc---cntn1,13
il6---il6r,13
gnai2---oprd1,13
kng1---gpr135,13
hla-c---lilrb1,13
cxcl2---xcr1,13
lif---il6st,13
plg---plaur,13
wnt7a---fzd10,13
hla-b---lilrb2,13
gdf11---acvr2a,13
cd48---cd244,13
vtn---itga8,13
calcb---ramp1,13
gdf11---acvr2b,13
wnt7b---fzd1,13
hmgb1---thbd,13
sema6d---tyrobp,13
crp---olr1,13
il3---csf2rb,13
hp---itgb2,13
hras---cav1,13
hsp90aa1---cftr,13
hsp90aa1---fgfr3,13
madcam1---itga4,13
il25---il17rb,13
wnt7b---fzd10,13
anxa1---egfr,13
hla-g---klrd1,13
sema6d---trem2,13
ghrl---mlnr,13
penk---ogfr,13
calca---ramp1,13
tnfsf12---tnfrsf25,13
tnfsf13---fas,13
vtn---itgav,13
tnfsf13---tnfrsf14,13
efnb2---rhbdl2,13
cxcl5---ackr1,13
tnfsf13---tnfrsf1a,13
vtn---plaur,13
cd6---alcam,13
tnfsf15---tnfrsf6b,13
angptl3---itga5,13
tnfsf13---tnfrsf11b,13
igf1---insr,13
dhh---hhip,13
ccl14---ackr1,13
dhh---cdon,13
il12b---il23r,13
ntf4---ntrk1,13
il12b---il12rb2,13
adm2---ramp1,13
apob---lrp6,13
bmp2---eng,13
adm2---calcr,13
pcsk9---vldlr,13
il12a---cd28,13
ccl13---ackr1,13
gdf7---acvr2a,13
adm---mrgprx2,13
gnrh2---gnrhr,13
ccl28---ackr2,13
l1cam---egfr,13
l1cam---ephb2,13
l1cam---erbb2,13
bmp10---acvr2a,13
vegfb---nrp1,13
il15---il2rb,13
bmp10---bmpr1a,13
fga---itga5,13
mmp13---lrp1,13
ncam1---robo1,13
gdf5---acvr2a,13
ifnl2---ifnlr1,13
ifnl2---il10rb,13
ifnl3---il10rb,13
lamb1---itgb1,13
lamb1---itga6,13
nrg1---erbb2,13
bmp2---acvr1,13
bmp10---eng,13
vcan---selp,13
ihh---boc,13
vcan---cd44,13
ihh---ptch2,13
adam10---epha3,13
vcam1---itgad,13
lama1---rpsa,13
proc---thbd,13
defb4b---ccr6,13
adam2---itgb7,13
adam15---itga5,13
rnase2---tlr2,13
adam15---itgav,13
adam2---itga9,13
vcam1---itga4,13
adam17---erbb4,13
kitlg---epor,13
adam28---itga4,13
adm---gpr182,13
f2---gp9,13
gdf7---bmpr2,13
igfbp4---lrp6,13
defb103a---ccr6,13
f2---itga2b,13
defb1---ccr6,13
igfl1---igflr1,13
vcan---tlr2,13
fbln1---itgb1,13
gdf9---bmpr1a,13
scgb1a1---lrp2,13
f7---f3,13
f8---ldlr,13
cxcl10---sdc4,13
bmp7---bmpr2,13
bmp7---eng,13
f9---lrp1,13
ccl11---ackr1,13
ifna14---ifnar2,13
il1b---il1rap,13
ifna16---ifnar1,13
camp---fpr2,13
ptgs2---ptgdr2,13
ifna17---ifnar1,13
ifna2---ifnar2,13
inhba---eng,13
gpc3---cd81,13
nxph2---nrxn1,13
il1a---il1rap,13
fn1---col13a1,13
gdf2---acvr2b,13
ifna21---ifnar1,13
ifna4---ifnar1,13
fn1---itga5,13
sema3b---nrp2,13
il1b---adrb2,13
fgf11---fgfr4,13
fgf11---fgfr3,13
fgf11---fgfr2,13
fgf11---fgfr1,13
lamc2---itgb4,13
lamc2---itgb1,13
lamc2---itga6,13
lamc2---itga3,13
mdk---lrp2,13
sema3d---nrp1,13
calr---itga2b,13
mdk---itgb1,13
ifna1---ifnar1,13
npy---npffr2,13
gdf2---acvr1,13
gnas---lhcgr,13
gdf2---acvr2a,13
ifna10---ifnar2,13
ahsg---insr,13
pdgfc---kdr,13
gpha2---tshr,13
agrp---mc4r,13
psen1---notch4,13
agrn---atp1a3,13
fgf1---cd44,13
ntng1---lrrc4c,13
pip---cd4,13
a2m---lrp1,13
il16---kcnj4,13
il16---kcnj15,13
gpc3---igf1r,13
ghrl---ghrhr,13
ntn1---unc5b,13
inhba---acvr1,13
ccl7---ackr4,13
ifng---ifngr2,13
ntn1---unc5d,13
dkk2---kremen2,13
ifna5---ifnar1,13
ifna5---ifnar2,13
sema3b---nrp1,13
fn1---itgav,13
ifna6---ifnar2,13
pspn---gfra1,13
ifna7---ifnar1,13
gpi---amfr,13
il18---il1rapl1,13
il18---il18rap,13
il18---il18r1,13
fn1---itgb6,13
fn1---mag,13
fn1---sdc2,13
ucn3---il10rb,13
fn1---tnfrsf11b,13
fn1---tshr,13
ifna8---ifnar1,13
lrpap1---lrp1,13
wnt1---lrp6,13
cntn4---ptprg,13
wnt1---ryk,13
fgf21---fgfr4,13
shh---ptch2,13
fgf21---fgfr3,13
c5---c5ar2,13
fgf21---fgfr1,13
tac3---tacr2,13
cfh---sell,13
app---gpc1,13
col4a1---cd93,13
col3a1---mag,13
hebp1---fpr3,13
nid2---col13a1,13
col3a1---ddr1,13
c1qtnf5---mfrp,13
col2a1---tnfrsf10a,13
wnt2---fzd8,13
tgfa---erbb2,13
app---cav1,13
hbegf---cd44,13
wnt3a---apcdd1,13
hbegf---cd9,13
efemp1---egfr,13
wnt3---ryk,13
wnt3---lrp6,13
shh---gpc5,13
nodal---acvr2a,13
lrpap1---lrp2,13
edn2---kel,13
hla-a---erbb2,13
tf---tfr2,13
hla-a---aplp2,13
col4a2---cd93,13
wnt1---fzd9,13
cntf---il6st,13
lrpap1---sorl1,13
c1qtnf1---avpr2,13
tg---asgr1,13
gnai2---cnr1,13
col1a1---ddr2,13
tgfb2---eng,13
arf1---pld2,13
slit1---sdc1,13
arf1---insr,13
col1a1---itgb1,13
tgfb3---eng,13
c3---cr1,13
col1a2---cd93,13
asip---mc3r,13
tgfb3---tgfbr2,13
ccl24---ackr2,13
c4b---cd46,13
tgm2---sdc4,13
gnai2---igf1r,13
c3---lrp1,13
gnai2---lhcgr,13
thbs1---itga2b,13
thbs1---itga4,13
galp---galr3,13
c4b---cr1,13
wnt2---fzd7,13
asip---mc1r,13
asip---f11r,13
thbs2---notch3,13
col2a1---itgb1,13
asip---atrn,13
cfh---itgam,13
wnt2---fzd5,13
tgfb1---eng,13
edn1---kel,13
col1a1---cd93,13
tgfb1---itgb6,13
col18a1---gpc1,13
col18a1---gpc4,13
col18a1---itga5,13
col18a1---kdr,13
reln---itga3,13
cel---cxcr4,13
col1a1---cd36,13
c4bpa---cd40,13
c3---cd46,13
col2a1---itga2,13
wnt1---fzd1,13
cthrc1---fzd6,13
wnt3a---ryk,13
apoe---sorl1,13
tdgf1---acvr2a,13
ins---igf1r,13
ccl27---ackr2,13
qrfp---p2ry14,13
tdgf1---acvr1b,13
wnt3a---lrp6,13
gnai2---cav1,13
ltbp3---itgb5,13
ins---lrp2,13
wnt3a---lrp1,13
wnt4---fzd6,13
edn3---kel,13
cthrc1---fzd3,13
fgf3---fgfr4,13
nlgn2---nrxn3,13
clcf1---lifr,13
ltf---lrp1,13
cxcl12---itgb1,13
hsp90aa1---egfr,13
pla2g10---pla2r1,13
hla-a---lilrb2,13
calm3---mylk,12
tgfb2---acvr1,12
mdk---itga6,12
lama1---gpc1,12
spp1---itga5,12
bmp8b---bmpr1a,12
c3---cd19,12
bmp8b---bmpr1b,12
ccl3---ccr4,12
adam10---axl,12
vcan---egfr,12
myoc---fzd3,12
npy---fap,12
grn---sort1,12
btla---cd79a,12
asip---mc2r,12
btla---vtcn1,12
bmp6---acvr2a,12
nxph3---nrxn3,12
bmp6---bmpr2,12
f8---asgr2,12
lacrt---sdc1,12
ifna17---ifnar2,12
col14a1---cd44,12
pon2---htr2a,12
rbp4---stra6,12
faslg---tnfrsf1a,12
myoc---fzd1,12
gnas---ptgdr,12
tgfb1---itgav,12
gnai2---f2r,12
myoc---fzd10,12
il1f10---il1r1,12
rbp3---notch1,12
efna3---ephb6,12
ifna1---ifnar2,12
gzmb---chrm3,12
npy---mc4r,12
ifna16---ifnar2,12
tgm2---itgb1,12
fgf14---fgfr2,12
fgf14---fgfr3,12
fgf14---fgfr4,12
tdgf1---acvr1c,12
calm2---mylk,12
tgm2---itgb3,12
mbl2---cd93,12
nectin3---tigit,12
lcn2---lrp2,12
vip---sctr,12
olfm2---robo2,12
gnai2---adra2a,12
adam15---itgb3,12
matn1---itga1,12
ren---atp6ap2,12
omg---ngfr,12
spint1---st14,12
omg---rtn4rl1,12
adam2---cd9,12
thbs1---itga6,12
thbs1---lrp5,12
col9a3---mag,12
col9a2---mag,12
b2m---cd1b,12
c4a---c5ar2,12
tctn1---tmem67,12
icam4---rhag,12
gnas---avpr2,12
wnt4---fzd2,12
gnai2---fpr1,12
mdk---tspan1,12
col1a1---itga5,12
gnai2---adra2b,12
pthlh---prlhr,12
vim---cd44,12
alox5ap---alox5,12
lama1---itgb8,12
tgfb3---acvrl1,12
c3---itgam,12
adam23---itga5,12
efna5---ephb1,12
vcam1---itga9,12
slit2---dcc,12
col1a2---itga2,12
col1a2---itgb1,12
wnt7b---lrp5,12
icam1---il2rg,12
icam1---egfr,12
azgp1---itgav,12
ptma---vipr1,12
ptn---cdh10,12
fgf14---fgfr1,12
lama1---itgb4,12
pdgfb---art1,12
efna1---ephb1,12
gdf6---bmpr2,12
c1qa---cspg4,12
fga---itgam,12
fga---itgav,12
il15---il2ra,12
wnt3---fzd5,12
fga---itgax,12
rps19---c5ar1,12
gnai2---cxcr1,12
mfap2---notch1,12
ifna21---ifnar2,12
ccl7---ackr1,12
cthrc1---fzd5,12
gnai2---c5ar1,12
cntf---il6r,12
ulbp2---klrk1,12
cgn---f11r,12
fgb---itga5,12
cntf---lifr,12
efna1---ephb6,12
inha---acvr1,12
tfpi---lrp1,12
tfpi---vldlr,12
gnai2---cxcr2,12
dhh---boc,12
f11---gp1ba,12
f10---f3,12
rph3a---nrxn1,12
fcn2---lrp1,12
hbegf---cd82,12
gnai2---ccr5,12
rtn4---rtn4r,12
bmp2---acvr2a,12
dhh---ptch1,12
ncam1---gfra1,12
hbegf---prlr,12
inha---acvr2b,12
rtn4---ngfr,12
il13---il4r,12
ifnw1---ifnar2,12
ifnw1---ifnar1,12
ifnl3---ifnlr1,12
rtn4---tnfrsf19,12
muc7---sell,12
ifnl1---ifnlr1,12
psap---cd1b,12
mstn---acvr2b,12
bmp3---acvr2b,12
nodal---acvr2b,12
fga---cdh5,12
dhh---ptch2,12
lpl---sdc1,12
lpl---lrp2,12
lpl---lrp1,12
fbn1---itgb3,12
lpl---gpihbp1,12
fn1---itga8,12
fbn1---itgb1,12
lpa---lrp2,12
bmp5---bmpr1b,12
gnai2---agtr2,12
vegfd---flt4,12
fbn1---itga5,12
plat---lrp1,12
ifna4---ifnar2,12
myoc---fzd7,12
fn1---itga4,12
fn1---itga3,12
ptdss1---jmjd6,12
ptdss1---scarb1,12
gnai2---egfr,12
vegfd---kdr,12
fn1---itga2,12
asip---mc5r,12
asip---mc4r,12
igfl2---igflr1,12
bmp5---bmpr2,12
f13a1---itgb1,12
lama3---sdc2,12
mmp12---plaur,12
ccl8---ackr1,12
ntng2---lrrc4c,12
mfng---notch1,12
gnai2---ednra,12
gnas---vipr1,12
cntn2---cntnap2,12
gnas---tshr,12
ltbp1---itgb5,12
nts---ngfr,12
lpl---vldlr,12
fn1---plaur,12
fn1---nt5e,12
aanat---mtnr1b,12
aanat---mtnr1a,12
igfbp4---fzd8,12
vegfa---ephb2,12
vegfc---vipr2,12
fn1---itgb8,12
defb4a---ccr6,12
fn1---itgb3,12
cxcl12---ccr4,12
ifna8---ifnar2,12
ifna7---ifnar2,12
sema3a---nrp2,12
liph---lpar4,12
rgmb---neo1,12
wnt1---fzd3,12
col4a6---cd93,12
tnc---itga2,12
tnc---itga5,12
wnt1---fzd5,12
angpt2---tie1,12
tnfsf9---traf2,12
hsp90b1---lrp1,12
tnc---itga9,12
vwf---itga2b,12
cdh1---ptprf,12
tnfsf4---traf2,12
serping1---lrp1,12
vwf---gp1ba,12
liph---lpar2,12
orm1---ccr5,12
serpine2---lrp1,12
tnc---itga8,12
timp3---kdr,12
fgl1---egfr,12
pvr---cd226,12
csh2---prlr,12
inhbc---acvr1b,12
inhbc---acvr1,12
pyy---fap,12
hla-b---klrd1,12
madcam1---cd44,12
gstp1---traf2,12
il9---il2rg,12
hrg---fcgr1a,12
gnai2---mtnr1b,12
hla-b---canx,12
hras---tlr2,12
hras---insr,12
hla-a---lilrb1,12
pvr---tigit,12
plg---itgb2,12
csf2---il3ra,12
app---ngfr,12
vtn---tnfrsf11b,12
cshl1---ghr,12
col3a1---itgb1,12
gdf10---acvr1b,12
cd99---pilra,12
wnt1---lrp5,12
zg16b---cxcr4,12
saa1---fpr1,12
efnb3---rhbdl2,12
fgf7---fgfr4,12
col4a1---itgb8,12
efnb2---grm1,12
dscam---dcc,12
zg16b---tlr2,12
ccl21---cxcr3,12
anxa1---dysf,12
cshl1---prlr,12
zg16b---tlr4,12
col4a1---itga1,12
dsc1---dsg2,12
cdh1---itgae,12
col5a1---sdc3,12
col5a2---ddr1,12
b2m---hla-f,12
apela---aplnr,12
dsc2---dsg2,12
wnt1---fzd7,12
serpinc1---sdc2,12
serpina1---lrp1,12
lipc---lrp1,12
mmp7---erbb4,12
col2a1---itga2b,12
lin7c---abca1,12
mmp7---cd151,12
edil3---itgav,12
mmp2---sdc2,12
lin7c---htr2c,12
c4bpa---lrp1,12
hgf---st14,12
il33---il1rl1,12
angpt1---itgb1,12
timp2---itga3,12
gnai2---mtnr1a,12
saa1---scarb1,12
mia---cdh7,12
apob---lrp8,12
cd40lg---itgam,12
c4a---cr1,12
guca2b---gucy2d,12
calm1---grm4,12
plau---st14,12
gnai2---tshr,12
fgg---itgb2,12
sftpd---tlr4,12
fgg---itgav,12
col8a1---itga1,12
fgg---itga5,12
col8a1---itga2,12
col9a1---mag,12
zg16b---tlr5,12
apob---olr1,12
sfrp1---fzd6,12
il26---il20ra,12
timp3---agtr2,12
kng1---cd93,12
apob---calcr,12
nid1---col13a1,12
fgg---itga2b,12
col5a3---sdc3,11
spon2---itgam,11
ccl3l1---ccr3,11
fgb---itga2b,11
ccl3l1---ccr5,11
c1qb---lrp1,11
cxcl13---oprd1,11
ccl3l3---ackr2,11
il16---kcna3,11
il16---kcnd1,11
il16---kcnd2,11
adam23---itgb3,11
tfpi---f3,11
hla-b---kir2dl3,11
bst1---cav1,11
fgb---itgam,11
selplg---esam,11
tdgf1---gpc1,11
serpine1---plaur,11
fga---itgad,11
gad1---grm4,11
c1qa---cr1,11
kng1---sdc2,11
lama1---nt5e,11
mmp1---itga2,11
ncam1---robo3,11
serpina7---slc16a2,11
serpinc1---lrp1,11
fst---bmpr2,11
gdf2---eng,11
hla-a---cd3d,11
lypd3---agr2,11
ccl3l1---ackr2,11
tnf---traf2,11
il16---ccr5,11
tcn2---lrp2,11
fst---bmpr1b,11
apoe---chrna4,11
pdgfc---flt1,11
myoc---fzd4,11
sytl3---nrxn1,11
pi3---pld2,11
lama1---itga6,11
gnai2---adcy1,11
kiss1---mmp24,11
ccl3l3---ccr5,11
plau---itgb2,11
fgf1---egfr,11
hdc---hrh1,11
fn1---tmprss6,11
shank1---abca1,11
hdc---hrh3,11
mepe---phex,11
ltf---lrp11,11
rims1---cacna1c,11
cntn2---nrp1,11
spp1---itgb5,11
gnb3---tgfbr1,11
fgb---itgav,11
plau---mrc2,11
fgg---itgb1,11
cdh1---cdh2,11
tdgf1---acvr2b,11
gnai2---drd2,11
fgb---itgb1,11
shank1---sstr2,11
nid1---itga3,11
apoc3---sdc2,11
apoc3---tlr2,11
rspo1---fzd8,11
spink1---nrsn1,11
scgb1a1---lmbr1l,11
pdgfb---s1pr1,11
hla-g---cd4,11
mfng---notch2,11
fgb---itgb2,11
gip---insr,11
dusp18---itga2,11
gnai2---oprm1,11
dusp18---itga1,11
vegfa---itgav,11
spp1---s1pr1,11
plg---itgam,11
gdnf---ednrb,11
gdf9---fxyd6,11
lama1---sdc2,11
col4a3---cd93,11
ctgf---itgam,11
hla-c---kir3dl1,11
ncam1---fgfr2,11
col4a5---cd93,11
hla-c---lilra3,11
col4a3---cd47,11
gnai2---p2ry12,11
hla-c---notch4,11
f12---gp1ba,11
itgb3bp---itgb5,11
ctgf---erbb4,11
timp2---itgb1,11
cgn---tgfbr2,11
hla-b---cd3d,11
plg---flt1,11
lama2---itgb4,11
defb4a---tlr4,11
klk3---epor,11
f13a1---itga9,11
dusp18---itgb1,11
apob---itgam,11
f2---gp1ba,11
fcer2---cr2,11
dusp18---itga7,11
cgn---tgfbr1,11
ctgf---itga5,11
itih2---fcer1a,11
dusp18---itga3,11
hla-c---cd3d,11
fgf23---phex,11
efemp2---lingo1,11
il13---il2rg,11
fbln2---itgb3,11
tnc---itgb3,11
efemp2---plscr4,11
tnc---ptprz1,11
lama1---itga3,11
sftpa2---cd93,11
adm2---ramp3,11
rspo1---znrf3,11
bmp15---acvr2a,11
gnai2---adora1,11
cxcl11---ackr1,11
col5a1---itgb1,11
lama1---tmprss6,11
kng1---itgam,11
lama1---sdc4,11
spon2---itgb2,11
lama2---itga2,11
itgb3bp---itgb3,11
apob---itgb2,11
ctgf---itgb2,11
lama5---itgb4,11
ctgf---lrp1,11
nrg1---gpc1,11
ly86---cd180,11
ctgf---lrp6,11
col4a4---cd93,11
gnai2---lpar3,11
lama5---sdc1,11
lama2---itga6,11
bmp8b---bmpr2,11
efemp2---aqp1,11
mfap5---notch1,11
shbg---cldn4,11
ace---bdkrb2,11
ace---agtr2,11
dusp18---itgb4,11
vcan---itgb1,11
cd40lg---traf3,11
calm1---fas,11
hp---asgr1,11
hp---asgr2,11
col1a1---itga11,11
egf---cav1,11
col1a1---itga2,11
c3---cd81,11
gnas---crhr1,11
fn1---cd79a,11
cd40lg---itgb2,11
calm3---grm7,11
gnas---adrb3,11
hras---agtr1,11
cxcl6---ackr1,11
arf1---chrm3,11
hras---grin2d,11
fgf13---egfr,11
hras---tlr9,11
c4bpa---bmpr2,11
thbs2---itga6,11
dsc2---dsg1,11
cubn---lrp2,11
thbs2---itga4,11
sema3f---plxna1,11
angpt4---tie1,11
dsc1---dsg1,11
mdk---itga4,11
calm1---adcyap1r1,11
icoslg---cd28,11
gnas---htr6,11
calm1---cacna1c,11
calm1---calcr,11
calm1---cnga2,11
calm3---scn10a,11
calm1---crhr1,11
calm3---pde1c,11
alb---lrp2,11
icoslg---ctla4,11
sema3e---nrp1,11
calm1---sell,11
matn1---itgb1,11
egf---fshr,11
amely---lamp1,11
gnai2---tbxa2r,11
calm1---scn10a,11
thbs1---scarb1,11
b2m---cd1a,11
calm1---pth2r,11
col1a1---tmprss6,11
cd200---cd200r1,11
omg---tnfrsf1b,11
cpamd8---sctr,11
calm1---oprm1,11
insl3---rxfp1,11
calm1---hmmr,11
calm1---mylk,11
lep---lrp2,11
calm1---insr,11
calm1---pde1c,11
col1a2---cd36,11
zp3---mertk,11
zp3---egfr,11
obp2a---or1g1,11
col2a1---itga10,11
nectin2---tigit,11
col2a1---itga1,11
calm1---gp6,11
c3---cr2,11
c3---itgax,11
hsp90b1---erbb2,11
calm2---scn10a,11
calm2---pde1c,11
hsp90b1---tlr4,11
calm2---grm7,11
calm2---cacna1c,11
calm1---vipr1,11
mbl2---calcr,11
crh---mc2r,11
fgf13---scn8a,11
pip---nptn,11
col4a1---itgav,11
vtn---pvr,11
hmgb1---sdc1,11
fgf1---fgfrl1,11
col11a1---ddr1,11
angptl4---tie1,11
bcan---egfr,11
thbs2---itgb1,11
fn1---itga9,11
cd58---cd2,11
vtn---itgb6,11
ptgs2---cav1,11
wnt7a---lrp6,11
bcan---nrcam,11
pdgfd---pdgfra,11
il18---il1rl2,11
vtn---itgb3,11
cd55---cr1,11
agrn---lrp4,11
sema3a---plxna3,11
slurp1---chrna7,11
fgf21---fgfr2,11
b2m---lilrb1,11
pspn---sdc3,11
sema4a---plxnb3,11
vtn---itga5,11
vtn---itgb8,11
zg16b---tlr6,11
calm1---grm3,10
adcyap1---ramp2,10
calm2---mylk2,10
mmp1---cd44,10
bgn---ly96,10
lamb3---cd151,10
calm2---kcnq3,10
adcyap1---ramp3,10
calm2---insr,10
calm1---grm5,10
calm2---grm5,10
calm2---gp6,10
bdnf---drd4,10
b2m---cd3d,10
bgn---tlr1,10
btla---cd247,10
b2m---hfe,10
gnb3---gabbr2,10
calm2---scn4a,10
hla-b---cd3g,10
col1a2---itga2b,10
col4a1---cd47,10
lamb3---itgb1,10
hsp90b1---asgr1,10
col1a2---itgb3,10
col6a1---itgb1,10
calm2---adcy8,10
icam1---cav1,10
col11a1---itgb1,10
hsp90b1---tlr1,10
hsp90b1---tlr2,10
spp1---itgb3,10
lpl---cd44,10
calm2---pde1b,10
sorbs1---insr,10
tgm2---itga9,10
calm2---pde1a,10
hsp90b1---tlr7,10
hsp90b1---tlr9,10
tcn2---cnr1,10
lamb3---itga3,10
col4a3---itgb1,10
vasp---cxcr2,10
calm1---ptpra,10
hdc---hrh2,10
tph1---htr2b,10
sftpd---sirpa,10
calm1---pde1b,10
calm1---pde1a,10
tph1---htr4,10
sema6b---plxna4,10
cd22---ptprc,10
tph1---htr5a,10
lamb3---itgb4,10
col7a1---itgb1,10
col4a3---itgav,10
comp---cd47,10
comp---cd36,10
calm1---mylk2,10
fn1---robo4,10
calm1---htr2c,10
rims1---slc17a7,10
ltf---tfrc,10
calm1---mip,10
calm1---kcnq3,10
calm1---kcnq1,10
calm1---kcnn4,10
hdc---hrh4,10
calm1---trpc5,10
hspa1a---tlr4,10
gnai2---ednrb,10
bag6---ncr3,10
apob---lrp1,10
b2m---tfrc,10
gnas---adora1,10
lamb3---col17a1,10
bdnf---ddr1,10
calm1---sctr,10
farp2---plxna4,10
farp2---plxna3,10
lama2---itga3,10
tph1---htr2a,10
farp2---plxna2,10
rims2---abca1,10
gnai2---adcy9,10
sftpd---ly96,10
farp2---plxna1,10
tgfa---erbb3,10
calm1---grm7,10
lama2---itga1,10
b2m---cd247,10
gnas---adcy9,10
hspg2---sdc1,10
calm1---scn4a,10
lin7c---kcnj4,10
lamb3---itga6,10
lrp1b---plaur,10
fga---plaur,10
calm3---trpc5,10
lamb1---itgav,10
lamb1---itga7,10
angptl2---tie1,10
lamc2---itga2,10
lamb1---itga3,10
lamb1---itga2,10
calm3---sell,10
lamb1---itga1,10
clec3a---clec10a,10
calm3---scn4a,10
lpa---itgam,10
fgf10---fgfr3,10
ulbp1---klrk1,10
calm1---egfr,10
gnas---ptgir,10
camp---igf1r,10
rtn4---rtn4rl1,10
calm3---pde1b,10
calm3---mylk2,10
hla-a---kir2dl1,10
ngf---maged1,10
hla-a---kir2dl3,10
thbs2---notch4,10
lama5---itgb1,10
ptgs2---alox5,10
fgf22---fgfr1,10
cd48---cd2,10
hla-e---kir3dl1,10
col5a2---itgb1,10
tgfb1---cxcr4,10
hla-a---cd3g,10
ifna13---ifnar2,10
ifna13---ifnar1,10
mmp9---itgb2,10
camp---egfr,10
ncan---cdh2,10
tgfb1---cd109,10
calr---hla-f,10
fn1---c5ar1,10
ncam1---ptpra,10
calm1---adcy8,10
col5a1---itga1,10
lamc2---cd151,10
tf---gpr162,10
muc2---agr2,10
nid1---itgb1,10
ncan---sdc3,10
col4a6---itgb1,10
prss23---tmem222,10
gnai2---ptpru,10
mdk---gpc2,10
psap---sort1,10
col4a4---itgb1,10
rgma---bmpr1b,10
shbg---slc37a1,10
tfpi---sdc4,10
lgals9---cd44,10
hla-f---kir3dl2,10
thbs2---cd36,10
calm3---grm5,10
hla-c---ddr1,10
hla-c---cd3g,10
nectin1---cd96,10
selplg---itgb2,10
lta---ednra,10
col1a1---itgav,10
hras---sdc2,10
asip---mgrn1,10
calm3---gp6,10
sema4f---nrp2,10
col3a1---itga2,10
calm3---egfr,10
calm3---adcy8,10
lgals3bp---vangl1,10
lpa---itgb2,10
apoa1---lrp2,10
calm1---glp2r,10
calm2---sell,10
gnai2---s1pr1,10
gnai2---chrm1,10
col4a5---itgb1,10
lamc3---itga2,10
lama5---itga6,10
lama5---itga3,10
lamc3---itga3,10
nrg2---erbb2,10
b2m---klrc1,10
adm2---ramp2,10
mia---cdh19,10
lamc3---itgb1,10
lama5---itga2,10
calm3---insr,10
camp---p2rx7,10
nrg4---egfr,10
gnai2---cxcr3,10
nrg4---erbb2,10
bmp2---hfe2,10
calm1---glp1r,10
ncam1---cacna1c,10
cga---sirpa,10
calm3---kcnq3,10
hla-f---kir3dl1,10
ccl13---ccr9,10
rgma---bmpr2,10
adm---ramp3,10
lamc3---itgb4,10
cxcl2---ackr1,10
krtap4-12---cntfr,10
pdap1---pdgfrb,10
proc---itgam,10
wnt16---fzd6,10
krtap4-12---lingo1,10
dusp18---rpsa,10
krtap4-12---pdgfrb,10
l1cam---fgfr2,10
dusp18---cd151,10
vcan---sell,10
wnt2---lrp6,10
f12---cd93,10
cyr61---itgb3,10
krtap4-12---aqp1,10
efna5---epha10,10
cyr61---itgb2,10
dusp18---itga6,10
wnt2---fzd4,10
vegfc---itgb1,10
vegfc---itga9,10
wnt2---fzd3,10
vip---npr3,10
f10---itgam,10
f10---itgb2,10
vegfa---sirpa,10
vcan---itga4,10
krtap4-12---catsper1,10
il6---f3,10
plau---itgam,10
vegfc---lyve1,10
proc---itgb2,10
plau---itgb5,10
vegfa---tyro3,10
il17c---il17re,10
cyr61---itgb5,10
cxcl12---sdc4,10
ereg---erbb3,10
col6a3---itgb1,10
egfl8---ncr3,10
nucb2---erap1,10
plau---itga3,10
pdgfb---itgav,10
il1rn---il1rl2,10
il18---cd48,10
jag1---cd46,10
pdx1---slc2a2,10
plau---itgav,10
plau---itgb1,10
cyr61---itga5,10
wnt5a---fzd9,10
cyr61---itgam,10
cyr61---itgav,10
f13a1---itga4,10
ereg---erbb2,10
pigf---flt1,10
defb103b---ccr2,10
defb103b---ccr6,10
cxcl13---htr2a,10
plau---vldlr,10
vtn---itgb5,10
csf2---itga9,10
pf4v1---cxcr3,10
edil3---itgb5,10
inhbe---acvr2a,10
csf2---itgb1,10
saa1---grm7,9
crh---vipr1,9
crh---ramp2,9
ccl21---adra2a,9
gcg---adcyap1r1,9
saa1---mtnr1a,9
gcg---adrb3,9
crh---ramp3,9
lamb3---itga2,9
crh---tshr,9
gcg---adrb2,9
sst---mtnr1a,9
hspg2---chrm3,9
saa1---adra2a,9
crh---gpr84,9
insl3---vipr1,9
insl3---tshr,9
nps---adcyap1r1,9
crh---gpr20,9
insl3---ramp2,9
krtap4-12---cldn2,9
ccl23---ackr2,9
rln3---gpr20,9
insl3---pth1r,9
lgals1---ptprc,9
lgals1---cd69,9
tph1---htr1a,9
tph1---htr1b,9
tph1---htr1d,9
pf4---grm7,9
siglec1---spn,9
rln3---adra2a,9
rln3---adrb2,9
rln3---adrb3,9
fn1---flt4,9
fn1---il17rc,9
sst---grm7,9
pvr---cd96,9
gip---vipr1,9
cxcl2---adra2a,9
ccl21---mtnr1a,9
ecm1---cachd1,9
krtap4-12---plscr4,9
pf4---adra2a,9
crh---pth1r,9
hspa1a---grin2d,9
pmch---grm7,9
insl5---adra2a,9
ccl21---grm7,9
sst---adra2a,9
shbg---cd177,9
ppy---grm7,9
bdnf---ngfrap1,9
cadm1---cadm1,9
mmp9---itgam,9
vtn---itgb1,9
serpinc1---gpc1,9
serpine1---itgav,9
serpine1---itgb5,9
rln2---ramp3,9
gcg---vipr1,9
gcg---tshr,9
gcg---ramp3,9
gcg---ramp2,9
wnt7b---fzd4,9
fga---tlr4,9
gcg---pth1r,9
vtn---itga2b,9
insl5---grm7,9
insl5---mtnr1a,9
col6a2---itgb1,9
rgmb---bmpr1b,9
ly6g5c---tmem8a,9
rgmb---bmpr2,9
il36g---il1rl2,9
ngf---kidins220,9
calca---adrb3,9
calca---adrb2,9
cdh1---lrp5,9
ccl19---mtnr1a,9
cdh1---erbb3,9
il36b---il1rl2,9
lyz---itgal,9
rims1---slc18a2,9
ccl19---grm7,9
anos1---sdc2,9
anos1---fgfr1,9
gdf1---acvr1b,9
mmp7---cdh6,9
calca---adcyap1r1,9
rln2---pth1r,9
rln2---ramp2,9
tph1---htr1e,9
gip---gpr84,9
il17f---il17rc,9
egf---adrb2,9
grn---tnfrsf1b,9
ifne---ifnar1,9
gcg---gpr84,9
cxcl2---mtnr1a,9
gcg---gpr20,9
agt---adra2a,9
rln2---tshr,9
rln2---vipr1,9
gip---ramp2,9
rln3---adcyap1r1,9
ccl20---mtnr1a,9
mdk---ptprb,9
gip---tshr,9
grn---tnfrsf1a,9
cxcl2---grm7,9
gip---adcyap1r1,9
vtn---cd47,9
gip---adrb2,9
gip---adrb3,9
ccl20---adra2a,9
hmgb1---tlr4,9
rln1---rxfp3,9
rln2---adcyap1r1,9
c6orf15---ddr1,9
psen1---cd44,9
rln2---adrb3,9
vegfc---flt1,9
cd160---tnfrsf14,9
rln2---gpr20,9
ppy---adra2a,9
nectin1---nectin3,9
mif---ackr3,9
gip---gpr20,9
rln2---adrb2,9
gnai2---s1pr3,9
slpi---cd4,9
npw---mtnr1a,9
fshb---adrb3,9
gnai2---s1pr4,9
bmp8b---acvr2b,9
ibsp---itgav,9
ccl5---grm7,9
insl3---gpr20,9
ptn---sdc2,9
fshb---gpr20,9
fshb---gpr84,9
fgf10---fgfr4,9
enho---gpr19,9
cort---grm7,9
pth2---adcyap1r1,9
pomc---grm7,9
rln3---vipr1,9
cort---mtnr1a,9
nps---pth1r,9
bmp6---acvr2b,9
nps---ramp2,9
fshb---adrb2,9
il22---il21r,9
npy---grm7,9
nps---tshr,9
nps---vipr1,9
iapp---tshr,9
bmp8b---acvr2a,9
lamc2---col17a1,9
ptprc---cd22,9
pnoc---adra2a,9
pomc---mtnr1a,9
olah---mog,9
bmp8a---bmpr1a,9
pnoc---grm7,9
bmp8a---bmpr2,9
bmp8b---acvr1,9
iapp---vipr1,9
pthlh---gpr84,9
pomc---adrb2,9
pomc---adrb3,9
pth2---vipr1,9
sorbs1---itgb5,9
sorbs1---itga1,9
pthlh---adcyap1r1,9
lamc3---itga6,9
efna4---epha10,9
cxcl11---adra2a,9
pthlh---gpr20,9
npy---adra2a,9
gnas---glp1r,9
gnas---adcy8,9
gnai2---unc5b,9
gnas---adcy7,9
pthlh---adrb3,9
gnas---adcy1,9
inha---acvr1b,9
pthlh---tshr,9
fshb---pth1r,9
fshb---ramp2,9
ccl5---adra2a,9
pomc---gpr84,9
fshb---ramp3,9
pthlh---ramp3,9
pomc---gpr20,9
pthlh---ramp2,9
pomc---adra2a,9
alcam---cd6,9
fshb---vipr1,9
cort---adra2a,9
il2---gype,9
pth2---ramp2,9
cxcl10---grm7,9
pomc---adcyap1r1,9
cxcl10---mtnr1a,9
efna3---epha10,9
fshb---tshr,9
bmp3---bmpr1a,9
cxcl13---grm7,9
bmp3---bmpr1b,9
c1orf112---plscr4,9
pmch---mtnr1a,9
ccl25---grm7,9
bmp3---bmpr2,9
insl3---adrb3,9
npy---mtnr1a,9
rln3---pth1r,9
bmp4---acvr2a,9
fshb---adcyap1r1,9
lamc1---itga1,9
insl3---adrb2,9
insl3---adcyap1r1,9
rln3---ramp2,9
rtn4---gjb2,9
rln3---ramp3,9
ccl25---mtnr1a,9
tph1---htr1f,9
c3---ifitm1,9
tph1---htr2c,9
rln3---gpr84,9
tph1---htr6,9
tph1---htr7,9
agt---grm7,9
col7a1---itga2,9
bmp10---acvr1,9
cxcl13---mtnr1a,9
rln3---mtnr1a,9
egf---lrp2,9
crh---adrb2,9
insl3---gpr84,9
pf4---mtnr1a,9
ccl25---adra2a,9
retn---tlr4,9
cxcl14---cxcr4,9
bmp3---acvr2a,9
egf---ldlr,9
lamc1---itga7,9
pomc---pth1r,9
efemp2---catsper1,9
lefty2---acvr2a,9
gal---grm7,9
lefty2---acvr1b,9
bst2---lilra4,9
lamc1---itgav,9
pomc---vipr1,9
lamc1---itgb1,9
cxcl11---grm7,9
iapp---gpr20,9
efna2---epha10,9
il1f10---il1rl2,9
lefty1---acvr2b,9
lefty1---acvr2a,9
iapp---gpr84,9
lamc1---itgb4,9
cxcl11---mtnr1a,9
iapp---adcyap1r1,9
ccl5---mtnr1a,9
cxcl13---adra2a,9
bmp5---acvr1,9
iapp---adrb2,9
lamc1---itga2,9
gal---mtnr1a,9
npy---npy6r,9
lamc1---itga3,9
cxcl12---adra2a,9
pomc---tshr,9
gnai2---adcy7,9
gnai2---adcy8,9
iapp---adrb3,9
iapp---calcrl,9
pomc---ramp3,9
pomc---ramp2,9
cxcl12---grm7,9
lamc1---itga6,9
cxcl12---mtnr1a,9
adm2---adcyap1r1,9
fgf6---sdc4,9
adm---vipr1,9
adm---tshr,9
calm2---kcnq1,9
ghrh---pth1r,9
calm2---kcnq5,9
nms---mtnr1a,9
vegfa---itgb1,9
adcyap1---gpr84,9
vegfa---itga9,9
adm---pth1r,9
jam3---itgb2,9
ghrh---ramp3,9
penk---adra2a,9
tgfb1---cav1,9
avp---vipr1,9
ghrh---tshr,9
calm2---trpc5,9
calm3---abca1,9
calm3---aqp6,9
avp---tshr,9
col4a3---itga2,9
calm3---kcnq1,9
avp---ramp3,9
avp---ramp2,9
jam2---jam3,9
calm3---kcnq5,9
avp---pth1r,9
qdpr---dysf,9
col1a1---flt4,9
col18a1---itgb5,9
cga---gpr84,9
calm1---kcnq5,9
artn---gfra2,9
lama2---dag1,9
adm2---gpr84,9
col5a2---itga1,9
tgfb1---itgb1,9
adm2---gpr20,9
pkm---cd44,9
lama4---itgb1,9
pdyn---mtnr1a,9
lama4---itgav,9
calm2---egfr,9
tnf---ltbr,9
cga---vipr1,9
ccl18---ccr8,9
calm1---trpc3,9
f11r---jam2,9
adcyap1---gpr20,9
cgn---ocln,9
fgf8---fgfrl1,9
ctgf---ntrk1,9
calm2---abca1,9
calm2---aqp6,9
adm2---adrb3,9
adm2---adrb2,9
lama4---itga3,9
pdyn---grm7,9
fbn1---itgb6,9
adm---adcyap1r1,9
apoc3---lrp1,9
apob---vldlr,9
clec3a---clec2b,9
hla-c---slc9c2,9
vwf---selp,9
vegfa---egfr,9
apob---tlr4,9
vwf---sirpa,9
col4a5---cd47,9
avp---adrb3,9
avp---adrb2,9
wnt2b---fzd4,9
calm3---pde1a,9
tf---ldlr,9
tf---lrp2,9
lrrc4b---ptprf,9
nov---notch1,9
apoa1---ldlr,9
apoa1---lrp1,9
il10---sirpg,9
p4hb---gpr162,9
col4a4---cd47,9
selplg---itgam,9
hla-b---kir3dl2,9
plat---itgam,9
plat---itgb2,9
cntn1---nrcam,9
avp---adcyap1r1,9
nmu---mtnr1a,9
il8---sdc2,9
ltf---gpr162,9
ltf---gp9,9
il8---sdc1,9
apln---grm7,9
col4a6---cd47,9
vcan---tlr1,9
avp---lrp2,9
plau---itga5,9
ccl18---c14orf1,9
avp---ldlr,9
gdf15---tgfbr2,9
apln---mtnr1a,9
adcyap1---tshr,9
clec11a---kit,9
avp---gpr84,9
clec2a---klrf2,9
il8---cxcr2,9
avp---gpr20,9
f2---gp1bb,9
clec2b---klrf1,9
clec2d---klrb1,9
lta---cachd1,9
il8---cxcr1,9
uts2b---sstr5,9
adm---adrb3,9
adm---adrb2,9
wnt3a---atp6ap2,9
col11a1---itga2,9
mllt4---ephb2,9
mllt4---epha7,9
b2m---kir2dl3,9
calcb---adcyap1r1,9
b2m---kir2dl1,9
pyy---adra2a,9
b2m---cd3g,9
col6a1---itga1,9
sct---adcyap1r1,9
penk---mtnr1a,9
calcb---adrb2,9
calcb---adrb3,9
sct---adrb2,9
ghrh---adrb3,9
calcb---gpr20,9
wnt5b---fzd8,9
papln---sirpa,9
ccl19---adra2a,9
calcb---gpr84,9
sct---gpr20,9
wnt11---fzd8,9
sct---gpr84,9
ren---asic3,9
ghrh---adcyap1r1,9
ntf4---ntrk3,9
wnt5b---fzd2,9
ghrh---adrb2,9
sct---adrb3,9
lamb1---itgb4,9
pmch---adra2a,9
il36a---il1rl2,9
hgf---itgb1,9
calca---gpr20,9
gdf9---orai2,9
calca---gpr84,9
sema6b---plxna2,9
gdnf---gfra3,9
nppa---npr2,9
calca---pth1r,9
tgm2---tbxa2r,9
hla-f---lilrb1,9
b2m---kir3dl1,9
pyy---mtnr1a,9
sema5a---plxna1,9
b2m---lilrb2,9
tgm2---itga4,9
anxa1---mtnr1a,9
tgm2---adgrg1,9
mllt4---nrxn3,9
b2m---klrd1,9
mllt4---nrxn2,9
col6a1---itga2,9
mllt4---f11r,9
calca---tshr,9
mllt4---ephb6,9
col6a1---itga6,9
sct---pth1r,9
calcb---tshr,9
calcb---vipr1,9
col4a1---itga2,9
cga---adrb3,9
sct---ramp2,9
sct---ramp3,9
sct---tshr,9
calm1---abca1,9
cga---gpr20,9
pyy---grm7,9
adm2---vipr1,9
col1a1---itga1,9
adm2---tshr,9
cga---adcyap1r1,9
vegfa---ret,9
cga---adrb2,9
adcyap1---adrb3,9
col1a2---flt4,9
calcb---ramp2,9
calcb---ramp3,9
ntf4---ngfrap1,9
adm2---pth1r,9
kng1---mtnr1a,9
calm1---aqp6,9
col1a2---itga11,9
ghrh---gpr20,9
calcb---pth1r,9
cga---ramp3,9
penk---grm7,9
gal---adra2a,8
apoc3---lrp2,8
ccl28---grm7,8
col18a1---itgb3,8
apoc3---ldlr,8
apoc1---vldlr,8
col18a1---itga3,8
pyy---gpr83,8
apob---adrb2,8
col2a1---or1e1,8
tgfb1---itgb5,8
mfi2---tfrc,8
npb---adra2a,8
thpo---sirpb1,8
bmp5---hfe2,8
lamc3---sv2c,8
npw---grm7,8
wnt11---fzd1,8
wnt11---fzd10,8
pnoc---mtnr1a,8
ptn---sdc4,8
app---mtnr1a,8
kng1---adra2a,8
bmp5---acvr2b,8
col1a1---gp6,8
wnt11---fzd2,8
pyy---npy6r,8
tgfb1---itgb3,8
apob---tlr6,8
ccl28---adra2a,8
il8---sdc3,8
wnt11---fzd6,8
vip---ramp3,8
ptprc---mrc1,8
pthlh---vipr1,8
fst---hfe2,8
col1a2---itga1,8
hebp1---mtnr1a,8
app---adra2a,8
tigit---nectin2,8
cxcl1---mtnr1a,8
col16a1---itgb1,8
cxcl10---ackr1,8
cxcl10---adra2a,8
col1a2---itgav,8
col4a3---itga1,8
hhla3---chrm3,8
wnt11---fzd9,8
iapp---pth1r,8
comp---itgb3,8
il8---cd79a,8
bmp8a---bmpr1b,8
cxcl1---adra2a,8
ccl28---mtnr1a,8
wnt11---fzd3,8
wnt1---ror2,8
wnt11---fzd4,8
npb---mtnr1a,8
comp---sdc1,8
rln3---tshr,8
ptn---ncl,8
npw---adra2a,8
wnt11---fzd5,8
il8---kdr,8
vip---ramp2,8
hhipl2---cachd1,8
ccl3l3---ccr1,8
lefty1---acvr1b,8
vtn---itga3,8
ceacam5---cd8a,8
wnt5b---fzd7,8
angptl1---lilrb3,8
cd226---nectin2,8
hla-e---slc16a4,8
wnt5b---fzd6,8
hla-e---klrk1,8
wnt5b---fzd5,8
wnt5b---fzd4,8
cela3b---chrm3,8
gzma---f2r,8
gzma---f2rl1,8
gzma---f2rl2,8
rln1---rxfp4,8
app---slc45a3,8
nectin1---cadm3,8
ctsg---f2rl3,8
lgals9---ptprc,8
ctsg---pard3,8
nectin1---nectin4,8
gzmb---pgrmc1,8
rln2---gpr84,8
matn1---ptprd,8
wnt5b---fzd1,8
cd14---tlr4,8
nectin2---pvrig,8
gzma---pard3,8
cd1d---lilrb2,8
nectin3---nectin2,8
nectin3---pvr,8
gzma---f2rl3,8
cd14---itgb2,8
lhb---adrb3,8
ngf---ngfrap1,8
lhb---adrb2,8
retn---cap1,8
lhb---adcyap1r1,8
col6a2---itga2,8
anxa1---grm7,8
col6a2---itga1,8
col6a3---itga1,8
ceacam1---cd209,8
cd96---nectin1,8
anxa1---adra2a,8
hla-f---lilrb2,8
lhb---gpr20,8
rims1---slc18a3,8
angptl2---lilrb3,8
angptl2---tlr4,8
angptl4---cdh11,8
angptl4---cdh5,8
cd46---jag1,8
ceacam5---cd1d,8
angptl4---sdc1,8
angptl4---sdc2,8
alkal2---alk,8
cd52---siglec10,8
lhb---gpr84,8
cd55---adgre5,8
angptl7---lilrb3,8
cd59---cd2,8
vtn---kdr,8
cd80---cd274,8
col6a3---itga2,8
angptl4---sdc3,8
rln3---grm7,8
col4a6---itga2,8
col4a6---itga1,8
bmp10---acvr2b,8
bmp15---acvr1,8
bmp15---acvr2b,8
crh---adrb3,8
col4a5---itgav,8
pmch---mertk,8
bmp3---acvr1,8
col4a5---itga2,8
nps---gpr20,8
plg---pard3,8
crh---adcyap1r1,8
nps---gpr84,8
tnf---slc5a11,8
bmp5---acvr2a,8
col4a4---itga1,8
plg---f2rl2,8
plg---f2rl3,8
col4a4---itga2,8
col4a4---itgav,8
tf---adrb2,8
wnt3---ror2,8
ptprm---ptprm,8
bmp4---hfe2,8
hla-dma---cd4,8
bmp4---acvr2b,8
col4a5---itga1,8
bmp4---acvr1,8
hla-doa---cd4,8
hla-dob---cd4,8
kng1---grm7,8
ctsg---f2rl2,8
wnt5a---lrp2,8
lhb---pth1r,8
wnt5a---ldlr,8
lhb---ramp2,8
lhb---ramp3,8
hpx---lrp1,8
mdk---ncl,8
wnt5a---fzd10,8
lhb---tshr,8
lhb---vipr1,8
ctsg---f2rl1,8
ctsg---f2r,8
cga---pth1r,8
cga---ramp2,8
cklf---ccr4,8
nmu---grm7,8
wnt3a---lrp5,8
lgals1---itgb1,8
nmu---adra2a,8
nps---adrb3,8
hspg2---lrp2,8
nps---adrb2,8
mdk---sdc2,8
tnc---itgb6,8
tnc---nt5e,8
nms---grm7,8
apln---adra2a,8
fn1---itga6,8
nms---adra2a,8
wnt5a---adrb2,8
cgb3---lhcgr,8
col4a6---itgav,8
prss1---pard3,8
prss1---f2rl3,8
ghrh---gpr84,8
calca---vipr1,8
ppy---mtnr1a,8
prss1---f2rl2,8
ppbp---ackr1,8
npy---gpr83,8
ghrh---ghsr,8
cxcl16---adra2a,8
vegfd---itga9,8
vegfd---nrp2,8
c1orf194---plscr4,8
agt---mtnr1a,8
pdcd1lg2---pdcd2,8
prss1---f2rl1,8
s100a1---tlr4,8
insl3---ramp3,8
gdf15---gfral,8
prss2---f2rl3,8
sele---cd44,8
c3---mtnr1a,8
ghrh---ramp2,8
prss2---f2rl2,8
prss2---f2r,8
jam2---f11r,8
adm---gpr20,8
cxcl9---adra2a,8
nrxn2---nlgn1,8
sema5a---plxna3,8
nrxn2---nlgn2,8
nrxn2---nlgn3,8
prss2---f2rl1,8
cxcl16---grm7,8
efna1---epha10,8
pth---adcyap1r1,8
cxcl9---ackr1,8
bsg---sele,8
pth---adrb2,8
pth---adrb3,8
nrxn3---nlgn1,8
adcyap1---adrb2,8
inhbe---acvr2b,8
pth---gpr20,8
nrxn3---nlgn2,8
pros1---mertk,8
jam3---jam2,8
nrxn3---nlgn3,8
vegfa---itgb3,8
jam3---jam3,8
pomc---oprl1,8
prss1---f2r,8
lamb1---dag1,8
cxcl5---adra2a,8
sema4d---plxnb3,8
ccl26---ackr2,8
ccl26---cx3cr1,8
ccl27---adra2a,8
epo---ephb4,8
ccl27---ccr2,8
ccl27---ccr3,8
igf1---igf2r,8
cxcl13---ackr1,8
ccl27---grm7,8
ccl27---mtnr1a,8
ppy---npy6r,8
ccl18---ccr3,8
adm---gpr84,8
prss3---pard3,8
mif---cd74,8
agrn---dag1,8
agrn---itgb1,8
agrn---lrp1,8
agrn---lrp2,8
cxcl3---grm7,8
insl3---rxfp3,8
dsg2---dsc3,8
ccl16---mtnr1a,8
ccl20---grm7,8
prss3---f2rl2,8
gip---pth1r,8
gcg---gipr,8
gip---ramp3,8
prss3---f2rl1,8
prss3---f2rl3,8
cxcl9---grm7,8
psap---celsr1,8
ppy---gpr83,8
lamb2---itga3,8
vegfb---ret,8
gdf1---acvr2a,8
gdf1---acvr2b,8
lamb2---itgb4,8
vegfb---tyro3,8
cxcl3---adra2a,8
cxcl3---ackr1,8
ccl1---ackr4,8
mif---cxcr4,8
mif---cxcr2,8
nrtn---gfra3,8
lamb2---itgb1,8
cxcl9---mtnr1a,8
pspn---gfra3,8
shh---gas1,8
prss3---f2r,8
prss2---pard3,8
adcyap1---pth1r,8
ccl18---ackr1,8
ccl16---adra2a,8
actr2---adrb2,8
sema5b---plxna3,8
c5---adra2a,8
sema5b---plxna1,8
cxcl16---mtnr1a,8
ghrh---vipr2,8
insl3---rxfp4,8
penk---oprl1,8
yars---cxcr1,8
ccl16---ackr1,8
actr2---ldlr,8
ppbp---mtnr1a,8
ppbp---grm7,8
ccl16---grm7,8
cxcl3---mtnr1a,8
insl5---rxfp1,8
il18---il18bp,8
lama1---dag1,8
gc---lrp2,8
nrxn1---nlgn1,8
nrxn1---nlgn2,8
c5---grm7,8
shank1---adgrl1,8
insl5---rxfp2,8
nrxn1---nlgn3,8
cxcl17---gpr35,8
c5---mtnr1a,8
cxcl6---mtnr1a,8
slurp1---chrna3,8
pdyn---oprl1,8
pth---tshr,8
slurp1---chrna2,8
cxcl6---grm7,8
slurp1---chrna10,8
lamc3---dag1,8
slurp1---chrna1,8
slurp2---chrna5,8
slurp2---chrnb4,8
slurp2---chrna6,8
slurp2---chrna7,8
slurp2---chrna9,8
slurp2---chrnb1,8
slurp2---chrnb2,8
pecam1---cd38,8
cxcl6---adra2a,8
pth---ramp3,8
slurp2---chrnb3,8
pth---ramp2,8
pth2---tshr,8
slurp1---chrnb1,8
pth2---gpr20,8
pth2---adrb3,8
pth2---gpr84,8
slurp1---chrnb2,8
ccl1---ackr1,8
slurp1---chrnb3,8
slurp1---chrnb4,8
pth2---adrb2,8
slurp1---chrna6,8
slurp2---chrna4,8
slurp1---chrnd,8
slurp1---chrne,8
slurp1---chrng,8
pdyn---adra2a,8
slurp2---chrna1,8
slurp2---chrna10,8
slurp1---chrna4,8
slurp2---chrna2,8
slurp2---chrna3,8
pth---vipr1,8
slurp1---chrna5,8
alkal1---alk,8
gnai2---s1pr5,8
lama4---itga6,8
inhbe---acvr1,8
pthlh---adrb2,8
defb106a---ccr2,8
defb103a---ccr2,8
mllt4---ephb3,8
cxcl5---grm7,8
cxcl5---mtnr1a,8
mllt4---pvrl2,8
calca---ramp3,8
gdnf---slc44a5,8
slurp1---chrna9,8
slurp2---chrne,8
inhbe---acvr1b,8
slurp2---chrng,8
slurp2---chrnd,8
hsp90aa1---erbb2,7
apoa2---ldlr,7
pspn---gfra2,7
tshb---gpr20,7
wnt3a---fzd3,7
fabp5---rxra,7
il36b---il36rn,7
vsir---igsf11,7
apoc4---vldlr,7
tln1---itgb5,7
tln1---itgb3,7
col6a5---sdc1,7
apoa2---lrp1,7
lama1---cd44,7
actr2---lrp2,7
nrg3---erbb3,7
col2a1---gp6,7
apoc2---lrp2,7
apoc2---lrp1,7
apoc2---ldlr,7
apoa2---lrp2,7
apoa4---ldlr,7
sell---cd34,7
tigit---pvr,7
fn1---sdc1,7
cxcl1---grm7,7
cntn1---notch1,7
hspg2---dag1,7
c4a---cr2,7
lrrc4---ntng2,7
hspa8---lrp2,7
hspa8---ldlr,7
entpd1---tmigd3,7
hspa8---adrb2,7
gdf1---smad3,7
il36a---il36rn,7
ccn3---notch1,7
fgl1---lag3,7
fgf3---fgfrl1,7
il26---il10rb,7
lamc3---sv2b,7
tshb---gpr84,7
vwf---itgb3,7
adgre5---cd55,7
fgb---tlr4,7
vip---adrb3,7
pvr---nectin3,7
npb---grm7,7
lrrc4c---ntng1,7
col6a6---gp6,7
vip---adrb2,7
inhba---acvr1c,7
pth2---ramp3,7
cxcl8---adra2a,7
f11r---jam3,7
klk3---ngfr,7
cd14---tlr6,7
nov---plxna1,7
rgmb---hfe2,7
hgf---nrp1,7
mica---klrk1,7
wnt7a---fzd1,7
tnf---fas,7
ifne---ifnar2,7
col6a3---sdc1,7
f2---pard3,7
mpzl1---mpzl1,7
cntn2---l1cam,7
tnfsf12---tnfrsf8,7
lamb3---dag1,7
tshb---adrb3,7
micb---klrk1,7
sfrp2---fzd5,7
tshb---adrb2,7
lamb2---sv2c,7
lamb2---sv2b,7
tshb---adcyap1r1,7
cyr61---cav1,7
nectin2---nectin3,7
nppc---npr1,7
cx3cl1---itgb3,7
cd14---ripk1,7
shank1---adgrb2,7
sell---glycam1,7
sell---madcam1,7
cxcl10---dpp4,7
mpz---mpzl1,7
nectin3---nectin1,7
lamc2---sv2b,7
apoa4---lrp1,7
fyn---spn,7
apoa4---lrp2,7
fyn---thy1,7
lamc2---sv2c,7
sell---podxl,7
sostdc1---lrp6,7
apob---mttp,7
cntn1---notch2,7
lamc3---cd44,7
col6a5---gp6,7
mdk---notch2,7
cd226---pvr,7
col6a3---gp6,7
esam---esam,7
klk3---ntrk1,7
cntn1---ptprz1,7
cd96---pvr,7
st6gal1---cd22,7
hebp1---adra2a,7
rgma---hfe2,7
wnt8a---fzd5,7
l1cam---l1cam,7
lgals8---itga3,7
inhbb---smad3,7
spx---galr2,7
lama5---sv2c,7
lama5---sv2b,7
lamc1---dag1,7
thbs4---cd47,7
angptl4---sdc4,7
col2a1---sdc1,7
ncam1---l1cam,7
lamb1---sv2b,7
raet1g---klrk1,7
lama5---dag1,7
slit3---robo1,7
afdn---nectin2,7
jam2---jam2,7
lama3---sv2b,7
adam10---notch1,7
lama4---sv2c,7
ppbp---adra2a,7
tshb---ramp3,7
wnt10b---fzd7,7
bmp2---hjv,7
il23a---il12rb2,7
c3---adra2a,7
lamb1---sv2c,7
lamb3---sv2b,7
thbs4---cd36,7
slpi---plscr4,7
tshb---vipr1,7
lamb3---sv2c,7
irak4---tlr6,7
dsc3---dsg1,7
irak4---tlr4,7
wnt5b---fzd9,7
lama4---sv2b,7
irak4---tlr7,7
jam3---itgb1,7
wnt9b---fzd5,7
thbs4---sdc1,7
lamc1---sv2b,7
wnt5b---fzd10,7
bmp6---hjv,7
nps---ramp3,7
cadm3---cadm3,7
lama3---sv2c,7
cfc1---acvr1b,7
lamc1---sv2c,7
pth---gpr84,7
cfc1---acvr2a,7
cfc1---smad3,7
vip---tshr,7
tnf---ripk1,7
dsc1---dsg3,7
pcsk9---ldlr,7
lama4---dag1,7
wnt5b---fzd3,7
col1a1---sdc1,7
tgfb3---itgb1,7
tgfb3---itgb3,7
vip---pth1r,7
tgfb3---itgb5,7
tgfb3---itgb6,7
col1a2---gp6,7
jam3---f11r,7
f11r---f11r,7
app---grm7,7
slit1---robo2,7
wnt11---musk,7
cxcl8---sdc2,7
afdn---nectin4,7
lamc2---dag1,7
wnt5a---lrp6,7
lum---itgb1,7
ncr3lg1---ncr3,7
wnt2---fzd2,7
ccl23---mtnr1a,7
gpc3---lrp1,7
gpc3---lrp2,7
entpd1---adora2a,7
vip---gpr20,7
fgg---tlr4,7
entpd1---adora1,7
sele---glg1,7
uba52---fshr,7
fgf10---fgfrl1,7
c3---grm7,7
dkk4---lrp6,7
cd8a---ceacam5,7
uba52---notch1,7
ccl22---dpp4,7
ccl23---grm7,7
ccl23---adra2a,7
fgf22---fgfrl1,7
uba52---tgfbr1,7
uba52---tgfbr2,7
nrg3---erbb2,7
ceacam1---ceacam5,7
edn1---adgrl4,7
lama2---sv2c,7
thbs2---sdc1,7
lama3---itgb4,7
col6a6---sdc1,7
lama2---sv2b,7
ang---egfr,7
tshb---ramp2,7
afdn---nectin1,7
b2m---klrc2,7
dsc3---dsg2,7
ncam1---ncam2,7
entpd1---adora2b,7
tgfb1---smad3,7
vip---gpr84,7
lamb2---dag1,7
hmgb1---havcr2,7
arpc5---adrb2,7
arpc5---ldlr,7
arpc5---lrp2,7
cd47---sirpg,7
lama1---sv2a,7
lama1---sv2b,7
uba52---erbb2,7
dsc3---dsg3,7
uba52---egfr,7
ncam2---l1cam,7
cxcl8---grm7,7
lama3---dag1,7
uba52---acvr1,7
tshb---pth1r,7
hla-f---kir3ds1,7
wnt9a---fzd4,7
lama1---sv2c,7
hspg2---lrp1,7
uba52---agtr1,7
uba52---bmpr1b,7
sema3c---nrp2_plxna4,6
wnt3---fzd8_lrp6,6
wnt3---fzd9_lrp5,6
sema3c---nrp1_plxna3,6
clec4g---lag3,6
sema3c---nrp1_plxna2,6
sema3c---nrp1_plxna4,6
hbegf---egfr_erbb2,6
cxcl9---dpp4,6
nodal---acvr1c_acvr2a_cfc1,6
sema3c---nrp1_plxna1,6
sema3c---nrp2_plxna1,6
sema3c---nrp2_plxna2,6
nodal---acvr1b_acvr2a_cfc1,6
wnt3---fzd9_lrp6,6
nodal---acvr1b_acvr2b_cfc1,6
wnt4---fzd6_lrp6,6
hbegf---erbb2_erbb4,6
wnt4---fzd6_lrp5,6
wnt4---fzd5_lrp6,6
sema3c---nrp2_plxna3,6
wnt3a---fzd6_lrp5,6
wnt4---fzd4_lrp5,6
wnt3a---fzd6_lrp6,6
jam2---itga3_itgb1,6
wnt3a---fzd7_lrp5,6
wnt3a---fzd7_lrp6,6
wnt3a---fzd8_lrp5,6
wnt3a---fzd8_lrp6,6
wnt3a---fzd9_lrp5,6
jam2---itgav_itgb1,6
wnt4---fzd3_lrp6,6
wnt4---fzd3_lrp5,6
wnt4---fzd7_lrp5,6
klrb1---clec2d,6
cxcl8---sdc1,6
fgf4---fgfrl1,6
wnt4---fzd2_lrp6,6
jam3---itgam_itgb2,6
wnt4---fzd1,6
tdgf1---smad3,6
wnt4---fzd10_lrp5,6
wnt4---fzd10_lrp6,6
wnt4---fzd2_lrp5,6
wnt4---fzd1_lrp5,6
wnt4---fzd1_lrp6,6
wnt3a---fzd9_lrp6,6
calr---mpl,6
sema3d---nrp1_plxna1,6
sema3d---nrp1_plxna2,6
wnt4---fzd5_lrp5,6
sema3d---nrp1_plxna3,6
wnt3a---fzd10_lrp5,6
sema3d---nrp1_plxna4,6
wnt3a---fzd10_lrp6,6
wnt3a---fzd1_lrp5,6
wnt3a---fzd1_lrp6,6
sema3d---nrp2_plxna1,6
sema3d---nrp2_plxna2,6
wnt3a---fzd5_lrp6,6
cxcl8---mtnr1a,6
wnt3a---fzd2_lrp5,6
sema3d---nrp2_plxna4,6
wnt3a---fzd2_lrp6,6
wnt3a---fzd3_lrp5,6
ccl17---darc,6
wnt3a---fzd4_lrp5,6
gdf15---ret,6
wnt3a---fzd4_lrp6,6
wnt3a---fzd5_lrp5,6
ccl18---ccr1,6
cldn11---cldn11,6
wnt4---fzd4_lrp6,6
sema3d---nrp2_plxna3,6
wnt16---fzd4_lrp5,6
wnt16---fzd3_lrp6,6
wnt16---fzd3_lrp5,6
col1a1---itga9_itgb1,6
wnt16---fzd2_lrp6,6
col1a1---itgav_itgb8,6
aregb---egfr,6
wnt16---fzd2_lrp5,6
tgfb3---acvr1b_tgfbr2,6
tgfb3---acvr1c_tgfbr2,6
wnt16---fzd1_lrp6,6
wnt2b---fzd1_lrp5,6
wnt16---fzd1_lrp5,6
wnt16---fzd10_lrp6,6
wnt16---fzd10_lrp5,6
gdf6---bmpr1b_bmpr2,6
col1a2---itga10_itgb1,6
pcsk9---lrp1,6
col1a2---itga11_itgb1,6
col1a2---itga1_itgb1,6
col1a2---itga2_itgb1,6
col1a2---itga3_itgb1,6
col1a2---itga9_itgb1,6
col1a1---sdc4,6
wnt2---fzd10_lrp6,6
artn---gfra3_ret,6
wnt2---fzd10_lrp5,6
artn---gfra1_ret,6
dhh---ptch1_smo,6
wnt16---fzd9_lrp6,6
wnt16---fzd9_lrp5,6
wnt16---fzd8_lrp6,6
wnt16---fzd8_lrp5,6
wnt16---fzd7_lrp6,6
wnt16---fzd7_lrp5,6
wnt16---fzd4_lrp6,6
pdcd1lg2---rgmb,6
gdf6---bmpr1a_bmpr2,6
wnt16---fzd6_lrp5,6
col1a1---itga10_itgb1,6
tgfb2---acvr1b_tgfbr2,6
col1a1---itga11_itgb1,6
tgfb2---acvr1c_tgfbr2,6
wnt16---fzd5_lrp6,6
col1a1---itga1_itgb1,6
wnt16---fzd5_lrp5,6
col1a1---itga2_itgb1,6
col1a1---itga3_itgb1,6
wnt16---fzd6_lrp6,6
wnt10b---fzd7_lrp5,6
thbs1---itgav_itgb3,6
wnt10b---fzd6_lrp6,6
wnt10b---fzd6_lrp5,6
col2a1---cd44,6
wnt10b---fzd5_lrp6,6
wnt10b---fzd5_lrp5,6
wnt10b---fzd4_lrp6,6
wnt10b---fzd4_lrp5,6
wnt10b---fzd3_lrp6,6
wnt10b---fzd3_lrp5,6
pcsk9---aplp2,6
wnt10b---fzd2_lrp5,6
wnt10b---fzd1_lrp6,6
col2a1---itga10_itgb1,6
wnt10b---fzd1_lrp5,6
wnt10b---fzd10_lrp6,6
wnt10b---fzd10_lrp5,6
col2a1---itga11_itgb1,6
thbs2---itga3_itgb1,6
thbs2---itgav_itgb3,6
col2a1---itga1_itgb1,6
col2a1---itga2_itgb1,6
wnt10b---fzd2_lrp6,6
col1a2---itgav_itgb8,6
papln---nectin4,6
gdf7---bmpr1a_bmpr2,6
col1a2---sdc1,6
gdf7---bmpr1b,6
col1a2---sdc4,6
areg---egfr_erbb2,6
gdf7---bmpr1b_bmpr2,6
mllt4---pvrl1,6
tgm2---gpr56,6
mllt4---pvrl3,6
dcn---tlr2,6
gdf9---acvr1b_bmpr2,6
itgb2---thy1,6
dcn---tlr4,6
scgb3a1---notch3,6
tgs1---rxra,6
wnt10b---fzd9_lrp6,6
wnt10b---fzd9_lrp5,6
wnt10b---fzd8_lrp6,6
wnt10b---fzd8_lrp5,6
thbs1---itga3_itgb1,6
wnt10b---fzd7_lrp6,6
gdnf---gfra1_ret,6
mllt4---pvrl4,6
wnt3---fzd2_lrp5,6
p4hb---mttp,6
sema3a---nrp1_plxna4,6
wnt3---fzd1_lrp6,6
sema3a---nrp1_plxna3,6
sema3a---nrp1_plxna2,6
wnt3---fzd1_lrp5,6
sema3a---nrp1_plxna1,6
wnt3---fzd10_lrp6,6
wnt3---fzd10_lrp5,6
itga4_itgb1---vcam1,6
wnt2---fzd1_lrp5,6
gdf2---acvrl1_bmpr2,6
wnt2b---fzd9_lrp6,6
wnt2b---fzd9_lrp5,6
wnt2b---fzd8_lrp6,6
wnt2b---fzd8_lrp5,6
cntn2---cntn2_cntnap2,6
wnt2b---fzd7_lrp6,6
wnt2b---fzd7_lrp5,6
wnt2b---fzd6_lrp6,6
lrig1---egfr,6
cntn6---notch1,6
itga4_itgb7---vcam1,6
wnt3---fzd8_lrp5,6
nodal---acvr1c_acvr2b_cfc1,6
wnt3---fzd7_lrp6,6
wnt3---fzd7_lrp5,6
nodal---cfc1,6
nodal---smad3,6
wnt3---fzd6_lrp6,6
wnt3---fzd6_lrp5,6
dkk4---kremen1,6
dkk3---kremen1,6
sema3b---nrp2_plxna4,6
sema3b---nrp1_plxna1,6
wnt3---fzd5_lrp6,6
wnt3---fzd5_lrp5,6
wnt3---fzd4_lrp6,6
wnt3---fzd4_lrp5,6
sema3b---nrp2_plxna2,6
sema3b---nrp2_plxna1,6
sema3b---nrp1_plxna4,6
wnt3---fzd3_lrp6,6
wnt3---fzd3_lrp5,6
sema3b---nrp1_plxna3,6
sema3b---nrp1_plxna2,6
wnt3---fzd2_lrp6,6
sema3b---nrp2_plxna3,6
wnt2---fzd8_lrp6,6
wnt2---fzd8_lrp5,6
wnt2---fzd7_lrp6,6
wnt2---fzd7_lrp5,6
wnt2---fzd6_lrp6,6
wnt2---fzd6_lrp5,6
tgfb1---acvr1b_tgfbr2,6
tgfb1---acvr1c_tgfbr2,6
sele---ceacam1,6
wnt2---fzd5_lrp6,6
wnt2---fzd5_lrp5,6
wnt2b---fzd6_lrp5,6
wnt2---fzd4_lrp5,6
izumo1---izumo1r,6
wnt2---fzd3_lrp6,6
wnt2---fzd3_lrp5,6
sectm1---cd7,6
wnt2---fzd2_lrp6,6
dhh---ptch2_smo,6
wnt2---fzd2_lrp5,6
gdf5---bmpr1a_bmpr2,6
gdf5---bmpr1b_bmpr2,6
wnt2---fzd1_lrp6,6
wnt2---fzd4_lrp6,6
wnt2b---fzd5_lrp6,6
wnt2b---fzd5_lrp5,6
fgf21---klb,6
tgfa---egfr_erbb2,6
wnt2b---fzd4_lrp6,6
wnt2b---fzd4_lrp5,6
wnt2b---fzd3_lrp6,6
wnt2b---fzd3_lrp5,6
wnt2b---fzd2_lrp6,6
wnt2b---fzd2_lrp5,6
wnt2b---fzd1_lrp6,6
wnt2---fzd9_lrp5,6
gdf3---acvr1b,6
wnt2b---fzd10_lrp6,6
wnt2b---fzd10_lrp5,6
gdf3---acvr1b_acvr2a_cfc1,6
cspg4---itga3_itgb1,6
gdf3---acvr1b_acvr2b_cfc1,6
hebp1---grm7,6
gdf3---acvr1c,6
gdf3---acvr1c_acvr2a_cfc1,6
gdf3---acvr1c_acvr2b_cfc1,6
itga9_itgb1---vcam1,6
wnt2---fzd9_lrp6,6
wnt4---fzd7_lrp6,6
wnt9a---fzd6_lrp5,6
bmp15---bmpr1b_bmpr2,6
wnt9a---fzd5_lrp6,6
wnt9a---fzd5_lrp5,6
wnt9a---fzd4_lrp6,6
s100a4---egfr,6
wnt9a---fzd4_lrp5,6
wnt9a---fzd3_lrp6,6
wnt9a---fzd3_lrp5,6
wnt9a---fzd2_lrp6,6
bmp10---acvrl1_bmpr2,6
cdh1---itgae_itgb7,6
wnt9a---fzd1_lrp6,6
wnt9a---fzd1_lrp5,6
wnt9a---fzd10_lrp6,6
wnt9a---fzd10_lrp5,6
wnt9a---fzd10,6
wnt8b---lrp5,6
wnt8b---fzd9_lrp6,6
s100a4---erbb2,6
wnt8b---fzd9_lrp5,6
wnt8b---fzd8_lrp6,6
ccl7---darc,6
wnt9a---fzd2_lrp5,6
wnt9b---fzd10_lrp5,6
ccl26---ccr5,6
sptan1---ptpra,6
sptbn2---ptpra,6
wnt9b---fzd10,6
bmp4---bmpr1b_bmpr2,6
bmp4---bmpr1a_bmpr2,6
spx---galr3,6
mt-rnr2---mtnr1a,6
mt-rnr2---grm7,6
mt-rnr2---adra2a,6
wnt9a---fzd6_lrp6,6
mstn---acvr1b_acvr2a,6
gp1ba---itgam_itgb2,6
wnt9a---fzd9_lrp6,6
wnt9a---fzd9_lrp5,6
ncam1---ncam1,6
s100a10---trpv6,6
wnt9a---fzd8_lrp6,6
bmp2---bmpr1b_bmpr2,6
wnt9a---fzd8_lrp5,6
bmp2---bmpr1a_bmpr2,6
wnt9a---fzd7_lrp6,6
wnt9a---fzd7_lrp5,6
mstn---acvr1b_acvr2b,6
wnt8b---fzd1_lrp6,6
ccn2---lrp1,6
ccn2---lrp6,6
ccn2---ntrk1,6
wnt8b---fzd1_lrp5,6
wnt8b---fzd10_lrp6,6
fn1---itgav_itgb8,6
fn1---itgav_itgb6,6
fn1---itgav_itgb3,6
fn1---itgav_itgb1,6
shh---ptch1_smo,6
c3---itgam_itgb2,6
fn1---itga8_itgb1,6
pf4---ackr1,6
fn1---itga5_itgb1,6
fn1---itga4_itgb7,6
shank1---lphn2,6
fn1---itga4_itgb1,6
shank1---lphn1,6
fn1---itga3_itgb1,6
shank1---bai2,6
wnt8a---lrp5,6
fn1---itga2b_itgb3,6
wnt8b---fzd10_lrp5,6
c3---itgax_itgb2,6
wnt8b---fzd8_lrp5,6
s100a9---ager,6
wnt8b---fzd7_lrp6,6
gpha2---epha6,6
wnt8b---fzd7_lrp5,6
wnt8b---fzd6_lrp6,6
wnt8b---fzd6_lrp5,6
wnt8b---fzd5_lrp6,6
ccl8---darc,6
wnt8b---fzd5_lrp5,6
ccn2---itgam,6
fn1---sdc4,6
wnt8b---fzd4_lrp5,6
wnt8b---fzd3_lrp6,6
wnt8b---fzd3_lrp5,6
saa1---cd36,6
ccn1---itgam,6
ccn1---itgav,6
shh---ptch2_smo,6
wnt8b---fzd2_lrp6,6
ccn1---itgb2,6
wnt8b---fzd2_lrp5,6
ccn2---itga5,6
wnt8b---fzd4_lrp6,6
bmp8b---bmpr1a_bmpr2,6
wnt9b---fzd9_lrp6,6
spp1---itga5_itgb1,6
wnt9b---fzd9_lrp5,6
inhbb---acvr1c_acvr2b,6
bmp8b---acvr1_bmpr2,6
bmp8b---acvr1_acvr2b,6
bmp8b---acvr1_acvr2a,6
spp1---itga8_itgb1,6
rps27a---tgfbr2,6
rps27a---tlr4,6
wnt9b---fzd10_lrp6,6
inhbc---acvr1b_acvr2a,6
inhbc---acvr1b_acvr2b,6
bmp8a---bmpr1a_bmpr2,6
bmp8a---acvr2b,6
bmp8a---acvr2a,6
bmp8a---acvr1_bmpr2,6
inhbc---acvr1c_acvr2a,6
bmp8a---acvr1_acvr2b,6
bmp8a---acvr1_acvr2a,6
inhbc---acvr1c_acvr2b,6
spp1---itga9_itgb1,6
bmp8a---bmpr1b_bmpr2,6
rps27a---smad3,6
rps27a---ripk1,6
rps27a---lrp2,6
rps27a---ldlr,6
rps27a---tgfbr1,6
inhbb---acvr1b_acvr2a,6
inhbb---acvr1b_acvr2b,6
inhba---smad3,6
rps27a---fgfr2,6
inhba---acvr1b_acvr2b,6
rps27a---erbb2,6
wnt9b---lrp6,6
rps27a---adrb2,6
sost---lrp4,6
pik3cd-as1---ly6g6c,6
nampt---itga5_itgb1,6
ccl4l1---ccr5,6
cxcl1---darc,6
spon1---lrp8,6
spon2---itgb1,6
ccl5---darc,6
inhbb---acvr1c_acvr2a,6
spp1---itga4_itgb1,6
bmp8b---bmpr1b_bmpr2,6
inhba---acvr1b_acvr2a,6
wnt9b---fzd4,6
bmp6---acvr1_bmpr2,6
inhbe---eng,6
bmp6---acvr1_acvr2b,6
cxcl11---dpp4,6
bmp6---acvr1_acvr2a,6
slit1---flrt3,6
wnt9b---fzd3_lrp6,6
wnt9b---fzd3_lrp5,6
bmp5---hjv,6
wnt9b---fzd2_lrp6,6
wnt9b---fzd8_lrp6,6
wnt9b---fzd2_lrp5,6
bmp5---bmpr1a_bmpr2,6
wnt9b---fzd1_lrp6,6
btc---egfr_erbb2,6
btc---erbb2_erbb4,6
cxcl12---dpp4,6
pglyrp1---trem1,6
bmp5---acvr1_bmpr2,6
bmp5---acvr1_acvr2b,6
bmp5---acvr1_acvr2a,6
wnt9b---fzd1_lrp5,6
bmp5---bmpr1b_bmpr2,6
spp1---itgav_itgb1,6
wnt9b---fzd8_lrp5,6
wnt9b---fzd8,6
bmp7---bmpr1b_bmpr2,6
inhbe---acvr1b_acvr2a,6
inhbe---acvr1b_acvr2b,6
wnt9b---fzd7_lrp6,6
bmp7---bmpr1a_bmpr2,6
inhbe---acvr1c_acvr2a,6
wnt9b---fzd7_lrp5,6
spp1---itgav_itgb3,6
wnt9b---fzd4_lrp5,6
inhbe---acvr1c_acvr2b,6
spp1---itgav_itgb5,6
bmp7---acvr1_bmpr2,6
bmp7---acvr1_acvr2b,6
bmp7---acvr1_acvr2a,6
wnt9b---fzd6_lrp5,6
spp1---itgav_itgb6,6
wnt9b---fzd5_lrp6,6
wnt9b---fzd5_lrp5,6
bmp6---bmpr1b_bmpr2,6
wnt9b---fzd4_lrp6,6
bmp6---bmpr1a_bmpr2,6
wnt9b---fzd6_lrp6,6
gdf10---acvr1b_acvr2a,6
wnt6---fzd9_lrp6,6
wnt6---fzd9_lrp5,6
ngf---sorcs2,6
cdh4---cdh4,6
wnt6---fzd8_lrp6,6
wnt6---fzd8_lrp5,6
wnt6---fzd7_lrp6,6
cdh5---cdh5,6
ngf---trpv1,6
dsg1---dsc3,6
wnt8a---fzd9_lrp6,6
figf---kdr,6
figf---itga9,6
figf---flt4,6
wnt6---fzd7_lrp5,6
wnt6---fzd6_lrp6,6
wnt6---fzd6_lrp5,6
fgg---itgb3,6
wnt6---fzd5_lrp6,6
wnt6---fzd5_lrp5,6
wnt6---fzd4_lrp6,6
wnt6---fzd4_lrp5,6
figf---nrp2,6
gdf1---acvr1b_acvr2a_cfc1,6
syk---fcgr2a,6
wnt7a---fzd6_lrp6,6
ghrl---tbxa2r,6
gdf1---acvr1b_acvr2b_cfc1,6
wnt7a---fzd6_lrp5,6
wnt7a---fzd5_lrp6,6
wnt7a---fzd5_lrp5,6
gdf1---acvr1c_acvr2a_cfc1,6
gdf1---acvr1c_acvr2b_cfc1,6
wnt7a---fzd4_lrp6,6
cdh2---cdh2,6
cdh1---cdh1,6
wnt7a---fzd3_lrp6,6
ghrl---ptger3,6
wnt7a---fzd3_lrp5,6
cdh1---itga2_itgb1,6
wnt7a---fzd2_lrp6,6
wnt7a---fzd2_lrp5,6
wnt7a---fzd1_lrp6,6
wnt7a---fzd1_lrp5,6
wnt7a---fzd10_lrp6,6
wnt7a---fzd10_lrp5,6
cdh15---cdh15,6
wnt7a---fzd4_lrp5,6
sema3g---nrp2_plxna4,6
sema3g---nrp2_plxna3,6
sema3g---nrp2_plxna2,6
sema3g---nrp2_plxna1,6
gdf11---bmpr1b,6
gdf11---bmpr2,6
dsc1---dsg4,6
sema3f---nrp2_plxna4,6
sema3f---nrp2_plxna3,6
draxin---dcc,6
pecam1---pecam1,6
wnt6---fzd3_lrp6,6
sema3f---nrp2_plxna1,6
dmp1---itgb3,6
cgb---lhcgr,6
cgb8---sirpa,6
dmp1---itgav_itgb3,6
wnt4---fzd9_lrp6,6
wnt4---fzd9_lrp5,6
wnt4---fzd8_lrp6,6
wnt4---fzd8_lrp5,6
chad---itga2_itgb1,6
wnt4---fzd8,6
sema3f---nrp2_plxna2,6
ceacam1---havcr2,6
wnt6---fzd3_lrp5,6
wnt6---fzd2_lrp6,6
wnt6---fzd2_lrp5,6
wnt6---fzd1_lrp6,6
dsc3---dsg4,6
wnt6---fzd1_lrp5,6
wnt6---fzd10_lrp6,6
wnt6---fzd10_lrp5,6
ceacam1---sele,6
ceacam5---ceacam1,6
ccl18---pitpnm3,6
dsc2---dsg4,6
ceacam6---ceacam1,6
dsc2---dsg3,6
ceacam6---ceacam8,6
sema4a---nrp1_plxna4,6
ceacam8---ceacam1,6
sema4a---nrp1_plxna3,6
sema4a---nrp1_plxna2,6
reln---itga3_itgb1,6
sema4a---nrp1_plxna1,6
sema4a---nrp1,6
cxcl5---darc,6
gdf11---acvr1b_acvr2b,6
wnt8a---fzd2_lrp5,6
wnt8a---fzd1_lrp6,6
rln2---rxfp3,6
wnt8a---fzd1_lrp5,6
wnt8a---fzd10_lrp6,6
c5orf55---traf2,6
wnt8a---fzd10_lrp5,6
mif---cd44,6
nectin2---cd96,6
kal1---sdc2,6
wnt7b---fzd9_lrp6,6
wnt7a---fzd7_lrp5,6
wnt7b---fzd8_lrp6,6
cd177---pecam1,6
wnt7b---fzd8_lrp5,6
wnt7b---fzd8,6
cd1d---ceacam5,6
kal1---fgfr1,6
cxcl2---dpp4,6
mif---cd74_cxcr2,6
wnt7b---fzd7_lrp6,6
mif---cd74_cxcr4,6
wnt7b---fzd7_lrp5,6
wnt7b---fzd9_lrp5,6
wnt8a---fzd9_lrp5,6
shank1---adgrl2,6
mrc1---ptprc,6
wnt8a---fzd8_lrp6,6
wnt8a---fzd8_lrp5,6
wnt8a---fzd8,6
mpz---mpz,6
sftpd---lair1,6
gcg---dpp4,6
wnt8a---fzd7_lrp6,6
wnt8a---fzd7_lrp5,6
wnt8a---fzd2_lrp6,6
wnt8a---fzd6_lrp5,6
wnt8a---fzd5_lrp6,6
wnt8a---fzd5_lrp5,6
mdk---itga6_itgb1,6
wnt8a---fzd4_lrp6,6
mdk---itga4_itgb1,6
wnt8a---fzd4_lrp5,6
wnt8a---fzd4,6
wnt8a---fzd3_lrp6,6
grn---clec4m,6
grn---egfr,6
wnt8a---fzd3_lrp5,6
wnt8a---fzd6_lrp6,6
madcam1---itga4_itgb7,6
wnt7b---fzd1_lrp6,6
mmrn2---cd248,6
serpinf1---plxdc2,6
wnt7b---fzd1_lrp5,6
wnt7b---fzd10_lrp6,6
wnt7b---fzd10_lrp5,6
cd44---sele,6
cx3cl1---itgav,6
cadm1---cadm3,6
cadm1---crtam,6
wnt7b---fzd6_lrp6,6
cd55---adgre2,6
cadm1---nectin3,6
dspp---itgav_itgb1,6
cd55---cd97,6
wnt7a---fzd9_lrp6,6
wnt7a---fzd9_lrp5,6
cadm3---nectin3,6
wnt7a---fzd8_lrp6,6
nfasc---cntn1_cntnap1,6
wnt7a---fzd8_lrp5,6
wnt7a---fzd7_lrp6,6
dspp---itgav_itgb6,6
wnt7b---fzd6_lrp5,6
mif---egfr,6
cd200---cd200r1l,6
wnt7b---fzd5_lrp6,6
wnt7b---fzd5_lrp5,6
cd209---ceacam1,6
negr1---negr1,6
wnt7b---fzd5,6
ccl2---darc,6
wnt7b---fzd4_lrp6,6
wnt7b---fzd4_lrp5,6
wnt7b---fzd2_lrp5,6
mmrn2---clec14a,6
cd28---cd80,6
wnt7b---fzd3_lrp6,6
wnt7b---fzd3_lrp5,6
cd36---tlr4,6
cd36---tlr6,6
cd40lg---itga2b_itgb3,6
cd40lg---itga5_itgb1,6
mmrn2---cd93,6
wnt7b---fzd2_lrp6,6
mag---mag,6
cd40lg---itgam_itgb2,6
dspp---itgb1,6
angpt2---itga5_itgb1,6
egf---egfr_erbb2,6
col6a5---itga10_itgb1,6
col6a5---itga11_itgb1,6
col6a5---itga1_itgb1,6
col6a5---itga2_itgb1,6
col6a5---itga3_itgb1,6
col6a5---itga9_itgb1,6
col6a5---itgav_itgb8,6
col6a5---sdc4,6
krtap4-12---dlk2,6
il6---il6r_il6st,6
lgals3---lag3,6
col6a6---cd44,6
col6a6---itga10_itgb1,6
col6a6---itga11_itgb1,6
il25---il17ra_il17rb,6
col6a6---itga1_itgb1,6
col6a6---itga2_itgb1,6
col6a6---itga3_itgb1,6
col6a6---itga9_itgb1,6
tp53---tnfrsf10d,6
col6a6---itgav_itgb8,6
col6a6---sdc4,6
hsp90aa1---itgb3,6
tnn---itga2b_itgb3,6
tnn---itga8_itgb1,6
tnn---itga9_itgb1,6
tnn---itgav_itgb3,6
tnn---itgav_itgb6,6
tnn---sdc1,6
tnn---sdc4,6
tnr---itga2b_itgb3,6
col6a3---sdc4,6
tnr---itga8_itgb1,6
tnr---itga9_itgb1,6
col6a5---cd44,6
tnr---itgav_itgb6,6
tnr---sdc1,6
tnr---sdc4,6
tnxb---itga2b_itgb3,6
tnxb---itga8_itgb1,6
tnxb---itga9_itgb1,6
tnxb---itgav_itgb3,6
tnxb---itgav_itgb6,6
tnxb---sdc1,6
tnxb---sdc4,6
hp---cd163,6
crlf1---cntfr,6
tnr---itgav_itgb3,6
col9a3---itga11_itgb1,6
col9a3---itga1_itgb1,6
col9a3---itga2_itgb1,6
col9a3---itga3_itgb1,6
col9a3---itga9_itgb1,6
col9a3---itgav_itgb8,6
col9a3---itgb1,6
col9a3---sdc1,6
col9a3---sdc4,6
comp---itga3_itgb1,6
comp---itgav_itgb3,6
il24---il20ra_il20rb,6
comp---sdc4,6
amh---amhr2_bmpr1a,6
amelx---cd63,6
nptx2---nptxr,6
vip---ramp1,6
il21---il21r_il2rg,6
ibsp---itgav_itgb3,6
ibsp---itgav_itgb5,6
ibsp---itgb3,6
il20---il20ra_il20rb,6
ptn---itgav_itgb3,6
ocln---ocln,6
comp---itgb1,6
il24---il10rb,6
ang---plxnb2,6
col9a1---gp6,6
col9a1---itga10_itgb1,6
col9a1---itga11_itgb1,6
col9a1---itga1_itgb1,6
col9a1---itga2_itgb1,6
col9a1---itga3_itgb1,6
col9a1---itga9_itgb1,6
col9a1---itgav_itgb8,6
col9a1---itgb1,6
col9a1---sdc1,6
col9a3---itga10_itgb1,6
col9a2---gp6,6
col9a2---itga10_itgb1,6
col9a2---itga11_itgb1,6
col9a2---itga1_itgb1,6
col9a2---itga2_itgb1,6
col9a2---itga3_itgb1,6
col9a2---itga9_itgb1,6
col9a2---itgav_itgb8,6
col9a2---itgb1,6
col9a2---sdc1,6
col9a2---sdc4,6
col9a3---gp6,6
col9a1---sdc4,6
col4a6---itga10_itgb1,6
col4a6---itga11_itgb1,6
col4a6---itga1_itgb1,6
tnc---itga2b_itgb3,6
col4a6---itga2_itgb1,6
col4a6---itga3_itgb1,6
tnc---itga8_itgb1,6
vwf---itga2b_itgb3,6
tnc---itga9_itgb1,6
tnc---itgav_itgb3,6
tnc---itgav_itgb6,6
hmgb1---tlr9,6
col4a6---itgav_itgb8,6
hla-drb1---cd4,6
col4a6---sdc1,6
col4a6---sdc4,6
tnf---celsr2,6
tnf---flt4,6
hla-e---cd8a,6
tnf---ptprs,6
anxa2---tlr2,6
anxa2---robo4,6
col6a1---gp6,6
hla-f---cd8a,6
col4a6---itga9_itgb1,6
col4a4---itga2_itgb1,6
col4a4---itga3_itgb1,6
il6---hrh1,6
col4a4---itga9_itgb1,6
apoa1---abca1,6
csf2---csf2ra_csf2rb,6
col4a4---itgav_itgb8,6
hla-c---kir2dl2,6
hla-c---kir2ds1,6
pyy---dpp4,6
col4a4---sdc1,6
col4a6---gp6,6
col4a5---gp6,6
col4a5---itga10_itgb1,6
col4a5---itga11_itgb1,6
col4a5---itga1_itgb1,6
col4a5---itga2_itgb1,6
col4a5---itga3_itgb1,6
col4a5---itga9_itgb1,6
col4a5---itgav_itgb8,6
hla-dra---cd4,6
col4a5---sdc1,6
col4a5---sdc4,6
vwf---itgav_itgb3,6
col4a4---sdc4,6
col6a3---itga11_itgb1,6
col6a3---itga1_itgb1,6
col6a3---itga2_itgb1,6
col6a3---itga3_itgb1,6
il34---ptprz1,6
nppb---dpp4,6
angptl4---itgav_itgb3,6
col6a3---itga9_itgb1,6
angptl4---itga5_itgb1,6
angptl4---gpihbp1,6
col6a3---itgav_itgb8,6
col6a1---itga10_itgb1,6
vtn---itgav_itgb5,6
angptl3---itgav_itgb3,6
vtn---itgav_itgb3,6
vtn---itgav_itgb1,6
vtn---itga8_itgb1,6
angptl2---lilrb2,6
angptl2---itga5_itgb1,6
vtn---itga2b_itgb3,6
angptl1---itga1_itgb1,6
il32---itgb3,6
il31---il31ra_osmr,6
hmgb1---tlr2,6
vtn---itgav_itgb8,6
col6a1---itga11_itgb1,6
col6a1---itga1_itgb1,6
col6a1---itga2_itgb1,6
col6a1---itga3_itgb1,6
col6a1---itga9_itgb1,6
col6a1---itgav_itgb8,6
col6a1---sdc1,6
col6a1---sdc4,6
hla-g---cd8a,6
col6a2---gp6,6
col6a2---itga10_itgb1,6
col6a2---itga11_itgb1,6
col6a3---itga10_itgb1,6
col6a2---itga2_itgb1,6
col6a2---itga3_itgb1,6
col6a2---itga9_itgb1,6
col6a2---itgav_itgb8,6
il37---il18r1_il18rap,6
col6a2---sdc1,6
col6a2---sdc4,6
il36rn---il1rl2,6
il36g---il36rn,6
col6a3---cd44,6
hmgb1---ager,6
tnfsf12---cd163,6
col6a2---itga1_itgb1,6
lama5---itgav_itgb8,6
lama5---itga9_itgb1,6
lama5---itga7_itgb1,6
lama5---itga6_itgb4,6
lama5---itga6_itgb1,6
lama5---itga3_itgb1,6
lama5---itga2_itgb1,6
lama5---itga1_itgb1,6
nrg2---erbb2_erbb3,6
nrg2---erbb2_erbb4,6
lama5---cd44,6
vip---dpp4,6
lama4---sv2a,6
lama4---itgav_itgb8,6
lama4---itga9_itgb1,6
nrg3---erbb2_erbb4,6
lama4---itga7_itgb1,6
lama4---itga6_itgb4,6
lama4---itga6_itgb1,6
lama4---itga3_itgb1,6
nrg4---erbb2_erbb4,6
lama4---itga2_itgb1,6
adm---ramp1,6
lama4---itga1_itgb1,6
f11r---itgal_itgb2,6
ifnk---ifnar1,6
ifnk---ifnar1_ifnar2,6
afdn---nectin3,6
afdn---ephb6,6
afdn---ephb3,6
afdn---ephb2,6
afdn---epha7,6
ifnw1---ifnar1_ifnar2,6
lamb1---itgav_itgb8,6
lamb1---itga9_itgb1,6
lamb1---itga7_itgb1,6
nrg1---itgav_itgb3,6
lamb1---itga6_itgb1,6
lamb1---itga3_itgb1,6
lamb1---itga2_itgb1,6
lamb1---itga1_itgb1,6
exoc3-as1---traf2,6
lamb1---cd44,6
nrg1---egfr,6
nrg1---erbb2_erbb3,6
lama5---sv2a,6
nrg1---erbb2_erbb4,6
igf1---itga6_itgb4,6
igf1---itgav_itgb3,6
lamb1---itga6_itgb4,6
lama2---itga7_itgb1,6
lama2---itga6_itgb4,6
fadd---fas,6
lama2---itga6_itgb1,6
lama1---itga1_itgb1,6
lama1---itga2_itgb1,6
ihh---ptch1_smo,6
ihh---ptch2_smo,6
ada---dpp4,6
lama2---itga3_itgb1,6
lama1---itga3_itgb1,6
igf2---itga6_itgb4,6
lama2---itga1_itgb1,6
lama2---cd44,6
adcyap1---dpp4,6
adamts3---ccbe1,6
lama1---itgav_itgb8,6
fam3c---lifr,6
fam3c---glra2,6
lama1---itga6_itgb1,6
lama1---itga9_itgb1,6
lama1---itga7_itgb1,6
lama1---itga6_itgb4,6
vcam1---ezr,6
lama2---itga2_itgb1,6
igf2---itgav_itgb3,6
fcer2---itgax_itgb2,6
fcer2---itgav_itgb3,6
lama4---cd44,6
lama3---sv2a,6
vegfa---flt1_kdr,6
fcer2---itgam_itgb2,6
lama3---itgav_itgb8,6
lama3---itga9_itgb1,6
lama3---itga7_itgb1,6
lama3---itga6_itgb4,6
lama3---itga6_itgb1,6
lama2---itga9_itgb1,6
lama3---itga3_itgb1,6
lama3---itga3,6
lama3---itga2_itgb1,6
prg4---tlr2,6
prg4---tlr4,6
lama3---itga1_itgb1,6
lama3---cd44,6
lama2---sv2a,6
il10---il10ra_il10rb,6
nrtn---gfra2_ret,6
vcl---itgb5,6
lama2---itgav_itgb8,6
prg4---cd44,6
lamc2---itga3_itgb1,6
lamc2---itga2_itgb1,6
lamc2---itga1_itgb1,6
tslp---crlf2,6
lamc2---cd44,6
pth---lrp6,6
lamc1---sv2a,6
fgf1---tgfbr3,6
ifna1---ifnar1_ifnar2,6
ttr---ngfr,6
lamc1---itgav_itgb8,6
l1cam---itgav_itgb3,6
ifna10---ifnar1_ifnar2,6
lamc1---itga7_itgb1,6
lamc1---itga6_itgb4,6
lamc1---itga6_itgb1,6
ifna14---ifnar1_ifnar2,6
lamc1---itga3_itgb1,6
lamc1---itga2_itgb1,6
il1b---il1r1_il1rap,6
ifna16---ifnar1_ifnar2,6
lamc1---itga1_itgb1,6
ifna17---ifnar1_ifnar2,6
postn---itgav_itgb3,6
lamc1---itga9_itgb1,6
il2---il2rb_il2rg,6
icam1---itgal_itgb2,6
vip---avpr1a,6
icam1---itgam_itgb2,6
icam1---itgax_itgb2,6
icam2---itgal_itgb2,6
icam2---itgam_itgb2,6
icam3---cd209,6
lamc3---sv2a,6
alkal2---ltk,6
alkal1---ltk,6
lamc2---itga6_itgb1,6
lamc3---itga9_itgb1,6
lamc3---itga7_itgb1,6
lamc3---itga6_itgb4,6
lamc3---itga6_itgb1,6
lamc3---itga3_itgb1,6
lamc3---itga2_itgb1,6
lamc3---itga1_itgb1,6
lamc2---sv2a,6
lamc2---itgav_itgb8,6
lamc2---itga9_itgb1,6
lamc2---itga7_itgb1,6
lamc2---itga6_itgb4,6
lamc3---itgav_itgb8,6
il17f---il17ra_il17rc,6
lamb3---cd44,6
il17c---il17ra_il17re,6
il17c---il17ra,6
lamb2---sv2a,6
vegfc---flt4_kdr,6
lamb2---itgav_itgb8,6
fgb---itgb3,6
lamb2---itga9_itgb1,6
il17a---il17ra_il17rc,6
lamb2---itga7_itgb1,6
lamc1---cd44,6
ifng---ifngr1_ifngr2,6
il16---grin2b,6
il16---grin2a,6
lamb2---itga6_itgb4,6
lamb2---itga6_itgb1,6
ulbp3---klrk1,6
lamb2---itga3_itgb1,6
lamb2---itga2_itgb1,6
lamb2---itga1_itgb1,6
l1cam---itga4_itgb7,6
lamb2---cd44,6
lamb1---sv2a,6
l1cam---alcam,6
postn---itgav_itgb5,6
ifna2---ifnar1_ifnar2,6
ereg---egfr_erbb2,6
lamb3---sv2a,6
ifna21---ifnar1_ifnar2,6
il1a---il1r1_il1rap,6
ereg---erbb2_erbb4,6
ifna4---ifnar1_ifnar2,6
vegfd---flt4_kdr,6
ifna5---ifnar1_ifnar2,6
lamb3---itgav_itgb8,6
il19---il20ra_il20rb,6
ifne---ifnar1_ifnar2,6
pspn---gfra4_ret,6
ifna6---ifnar1_ifnar2,6
lamb3---itga7_itgb1,6
ifna7---ifnar1_ifnar2,6
lamb3---itga6_itgb4,6
lamb3---itga6_itgb1,6
ifna8---ifnar1_ifnar2,6
lamb3---itga3_itgb1,6
lamb3---itga2_itgb1,6
il18---il18r1_il18rap,6
ifnb1---ifnar1_ifnar2,6
lamb3---itga1_itgb1,6
lamb3---itga9_itgb1,6
wnt10a---fzd7_lrp5,6
thbs3---itga3_itgb1,6
apob---eno1,6
col4a2---itga9_itgb1,6
thbs3---itgav_itgb3,6
wnt10a---fzd6_lrp6,6
col4a2---itga3_itgb1,6
thbs3---sdc1,6
col4a3---sdc4,6
col4a2---sdc4,6
col4a2---itga2_itgb1,6
col2a1---sdc4,6
wnt1---fzd4_lrp5,6
wnt10a---fzd6_lrp5,6
app---sorl1,6
wnt1---fzd4_lrp6,6
col4a2---itga1_itgb1,6
wnt10a---fzd5_lrp6,6
wnt10a---fzd5_lrp5,6
wnt10a---fzd5,6
thbs3---sdc4,6
col2a1---itga3_itgb1,6
wnt1---fzd3_lrp5,6
wnt1---fzd3_lrp6,6
col4a2---sdc1,6
col4a2---itgb5,6
col4a2---itgb3,6
col4a2---itgav_itgb8,6
thy1---itgax_itgb2,6
col2a1---itga9_itgb1,6
thbs3---cd47,6
col2a1---itgav_itgb8,6
wnt10a---fzd8_lrp6,6
thy1---itgav_itgb3,6
wnt10a---fzd8_lrp5,6
wnt10a---fzd8,6
thy1---itgam_itgb2,6
col4a3---itga3_itgb1,6
wnt10a---fzd7_lrp6,6
thbs2---sdc4,6
thbs3---cd36,6
il8---darc,6
wnt1---fzd9_lrp6,6
wnt10a---fzd2_lrp6,6
col4a1---gp6,6
wnt10a---fzd2_lrp5,6
thbs4---sdc4,6
col4a1---itga10_itgb1,6
col4a1---itga11_itgb1,6
col4a1---itga1_itgb1,6
col4a3---sdc1,6
thbs4---itga3_itgb1,6
col4a1---sdc4,6
col4a1---itga2_itgb1,6
col4a1---itga3_itgb1,6
col4a1---sdc1,6
wnt10a---fzd10_lrp5,6
wnt10a---fzd10_lrp6,6
wnt10a---fzd1_lrp5,6
col4a1---itgav_itgb8,6
wnt10a---fzd1_lrp6,6
col4a1---itga9_itgb1,6
wnt10a---fzd1,6
col4a2---itga11_itgb1,6
wnt1---fzd5_lrp5,6
wnt1---fzd5_lrp6,6
col4a2---itga10_itgb1,6
wnt1---fzd6_lrp5,6
lilrb4---lair1,6
col4a3---itga9_itgb1,6
hla-a---cd8a,6
wnt1---fzd6_lrp6,6
col4a2---gp6,6
wnt1---fzd9_lrp5,6
wnt1---fzd7_lrp6,6
wnt10a---fzd4_lrp6,6
wnt1---fzd8_lrp5,6
wnt10a---fzd4_lrp5,6
wnt1---fzd8_lrp6,6
thbs4---itgav_itgb3,6
col4a3---itgav_itgb8,6
wnt10a---fzd3_lrp6,6
hhla2---tmigd2,6
wnt10a---fzd3_lrp5,6
wnt1---fzd7_lrp5,6
wnt1---fzd1_lrp6,6
thbs2---itgb3,6
wnt1---fzd2_lrp5,6
col4a4---itga1_itgb1,6
col4a3---itga2_itgb1,6
col4a3---itga10_itgb1,6
col4a3---itga11_itgb1,6
wnt10a---fzd9_lrp6,6
wnt1---fzd10_lrp6,6
col4a3---itga1_itgb1,6
col4a3---gp6,6
wnt1---fzd1_lrp5,6
col4a4---itga11_itgb1,6
col4a4---itga10_itgb1,6
wnt1---fzd2_lrp6,6
col4a4---gp6,6
wnt10a---fzd9_lrp5,6
wnt1---fzd10_lrp5,6
apoe---lsr,6
apoe---trem2,6
wnt1---fzd10,6
wnt3a---fzd3_lrp6,6
cxcl12---avpr1a,5
ccn2---itgb2,5
il1f10---il1rl2_il1rap,5
tnfrsf6b---faslg,5
il37---il18r1,5
il26---il20ra_il10rb,5
lgals9---mrc2,5
agtrap---rack1,5
wnt2---lrp5,5
il37---il1rapl1,5
slamf6---slamf6,5
slamf1---slamf1,5
ifna13---ifnar1_ifnar2,5
retn---gpr25,5
il7---il7r_il2rg,5
cxcl12---itga4,5
cxcl12---itga5,5
figf---itgb1,5
cxcl12---itgav,5
crtam---cadm1,5
il3---il3ra_csf2rb,5
rgma---hjv,5
cd99---cd81,5
cd99---cd99,5
cd99---cd99l2,5
col4a3---itga3,5
cd99---pilrb,5
wnt7b---tmed5,5
ccn1---itgb3,5
hla-a---cd8b2,5
icos---icoslg,5
apoe---sdc2,5
alcam---nrp1,5
alcam---chl1,5
hla-a---cd8b,5
npy---dpp4,5
wnt8a---fzd1,5
cxcl12---itgb3,5
ccn2---fgfr2,5
rgma---tfr2,5
tslp---il7r_crlf2,5
il36rn---il1rl2_il1rap,5
arf6---pld1,5
ccn1---tlr2,5
slit3---robo4,5
hla-b---cd8b2,5
il36g---il1rl2_il1rap,5
inhbb---cfc1,5
ly9---ly9,5
slpi---plscr1,5
aimp1---ntrk1,5
tnfsf11---lgr4,5
ccn1---sdc4,5
ccn1---itgb5,5
inhbb---cfc1b,5
ceacam16---tecta,5
ceacam16---tectb,5
postn---ptk7,5
c1orf200---ly6g6c,5
c1orf200---slc16a4,5
c1qa---cd33,5
il27---il6st,5
wnt6---fzd1,5
vegfd---itgb1,5
hrg---erbb3,5
msmp---ccr2,5
vegfd---itga5,5
wnt5b---klrg2,5
vegfd---itga4,5
vegfd---itga2,5
wnt8a---lrp6,5
hrg---erbb2,5
crisp2---catsper1,5
s100a1---ryr1,5
hla-f---cd8b2,5
hla-f---cd8b,5
s100a1---ryr2,5
s100a8---ager,5
pf4---lrp1,5
col6a1---cd44,5
vegfd---flt1,5
edn1---eltd1,5
s100a12---cd36,5
s100a12---tlr4,5
s100a4---ccr5,5
ceacam6---egfr,5
vegfd---itga1,5
ccn3---plxna1,5
figf---itga5,5
lgals9---cd47,5
figf---itga4,5
hspg2---fgfr1,5
figf---itga2,5
figf---itga1,5
hla-g---kir3dl1,5
hp---cd22,5
figf---flt1,5
rspo2---rnf43,5
rspo2---znrf3,5
wnt6---fzd7,5
col4a2---cd44,5
aregb---erbb3,5
wnt16---fzd2,5
tyrobp---trem1,5
mstn---tgfbr1_acvr2a,5
mstn---tgfbr1_acvr2b,5
tnfrsf14---btla,5
tnfrsf14---cd160,5
mtmr4---smad3,5
muc1---siglec9,5
il9---il9r_il2rg,5
ceacam1---egfr,5
col6a2---cd44,5
wnt6---fzd4,5
hp---tlr4,5
rtn4---s1pr2,5
hla-g---cd8b,5
hla-g---cd8b2,5
sirpb2---cd47,5
lgals3bp---cd33,5
amh---amhr2_acvr1,5
tnfsf9---pvr,5
timd4---havcr1,5
bmp6---bmpr1b_acvr2b,5
nectin4---tigit,5
bmp6---bmpr1b_acvr2a,5
col8a2---slc4a11,5
icam5---cd209,5
bmp6---bmpr1a_acvr2b,5
bmp6---bmpr1a_acvr2a,5
wnt1---fzd4,5
wnt7b---fzd7,5
ccl1---ccr1,5
comp---itga5,5
bmp5---bmpr1b_acvr2b,5
bmp5---bmpr1b_acvr2a,5
amh---bmpr1a,5
wnt9a---fzd1,5
amelx---lamp2,5
bmp1---bmpr1a,5
cd47---sirpa,5
lgi3---stx1a,5
bmp1---bmpr1b,5
bmp1---bmpr2,5
leap2---ghsr,5
amely---lamp2,5
bmp7---bmpr1b_acvr2b,5
il8---ackr1,5
bmp7---bmpr1b_acvr2a,5
bmp10---acvrl1_acvr2a,5
bmp7---bmpr1a_acvr2b,5
bmp7---bmpr1a_acvr2a,5
il22---il22ra1_il10rb,5
amely---cd63,5
lpa---lpar4,5
col9a3---cd44,5
bmp4---bmpr1a_acvr2b,5
bmp4---bmpr1a_acvr2a,5
bmp2---bmpr1b_acvr2b,5
wnt9a---fzd9,5
col9a2---cd44,5
col9a1---cd44,5
cd24---siglec10,5
lpa---lpar3,5
nell2---robo3,5
il33---il1rap,5
lpa---lpar2,5
bmp2---rgmb,5
cd209---icam3,5
lpa---lpar1,5
cd200r1---cd200,5
wnt16---lrp5,5
wnt1---fzd2,5
bmp5---bmpr1a_acvr2b,5
il33---il1rl1_il1rap,5
bmp2---bmpr1a_acvr2a,5
angptl2---itgb1,5
bmp5---bmpr1a_acvr2a,5
angptl2---itga5,5
cd34---sele,5
bmp4---hjv,5
col4a3---cd44,5
mapk1---fgfr2,5
bmp2---bmpr1b_acvr2a,5
bmp4---bmpr1b_acvr2b,5
bmp4---bmpr1b_acvr2a,5
cd28---cd86,5
bmp2---bmpr1a_acvr2b,5
lgi1---adam23,5
pik3cd-as1---slc16a4,5
wnt7a---fzd7,5
lgi1---rtn4r,5
ccl3l3---ccr3,5
nampt---adora2a,5
fndc5---itgav,5
pip---aqp5,5
ccl4l1---ccr1,5
ccl4l1---ccr3,5
fstl1---dip2a,5
fst---hjv,5
fndc5---itgb5,5
icam1---muc1,5
apoe---lrp6,5
il2---il2ra_il2rb_il2rg,5
cd84---cd84,5
hmgb1---cxcr4,5
cxcl11---ccr5,5
ccn1---itga5,5
il24---il22ra1_il20rb,5
vgf---ntrk1,5
piga---pigr,5
il36b---il1rl2_il1rap,5
bdnf---bex3,5
copa---ntrk1,5
il36a---il1rl2_il1rap,5
sostdc1---lrp4,5
hla-b---cd8b,5
anpep---sele,5
sostdc1---lrp5,5
xcl1---adgrv1,5
tgfb1---vasn,5
copa---mtnr1b,5
enam---cd63,5
bmp8a---tgfbr2,5
bmp8a---tgfbr1,5
bmp8a---bmpr1b_acvr2b,5
gpc6---lrp2,5
cd55---emr2,5
gpc6---lrp1,5
ccl5---ccrl2,5
bmp8a---bmpr1b_acvr2a,5
bmp8a---bmpr1a_acvr2b,5
bmp8a---bmpr1a_acvr2a,5
lgi3---adam23,5
ambn---cd63,5
bmp8a---acvr1,5
nptx1---nptxr,5
hla-b---cd8a,5
wnt7a---reck,5
spn---siglec1,5
ccl8---ccr8,5
spon1---app,5
spon2---itga4,5
spon2---itga5,5
gphb5---tshr,5
il20---il22ra1_il20rb,5
wnt8b---fzd7,5
bgn---fgfr3,5
bmp8b---bmpr1b_acvr2b,5
lgi2---adam23,5
bmp8b---bmpr1b_acvr2a,5
bmp8b---bmpr1a_acvr2b,5
lgi4---adam23,5
bmp8b---bmpr1a_acvr2a,5
wnt9b---lrp5,5
bmp8b---plaur,5
lama3---itgb1,5
ntf4---bex3,5
calm3---ppapdc2,5
col4a4---cd44,5
il5---il5ra_csf2rb,5
calm3---plpp6,5
cntn2---cntn2,5
cgb3---sirpa,5
vegfa---grin2b,5
cklf---lrp6,5
calm2---ppapdc2,5
calm2---plpp6,5
jaml---cxadr,5
csf1---sirpa,5
wnt2b---fzd7,5
cntn3---ptprg,5
zp3---chrna7,5
igsf11---vsir,5
faslg---tnfrsf10b,5
vcl---alk,5
wnt10b---fzd4,5
gdf2---acvrl1_acvr2a,5
tg---tpo,5
col4a6---cd44,5
sema3d---plxnd1,5
dkk2---lrp5,5
adipoq---cnr2,5
adipoq---gpr42,5
dkk4---kremen2,5
sema3c---nrp1_nrp2,5
thbs1---ptprj,5
dkk4---lrp5,5
wnt10b---fzd6,5
dkk2---kremen1,5
sema6d---plxna1_trem2,5
il13---il4r_il13ra2,5
ifnl4---il10rb,5
hla-drb5---cd4,5
tcn1---cd320,5
ifnl4---ifnlr1,5
sema7a---itgb1_itga1,5
calm1---ppapdc2,5
wnt4---notch1,5
ghrl---ptgir,5
gdf1---acvr1c,5
afdn---f11r,5
afdn---nrxn2,5
tnf---icos,5
cadm3---nectin1,5
afdn---nrxn3,5
dsg2---dsc1,5
calm1---plpp6,5
gdf11---tgfbr1_acvr2b,5
vwf---gp9,5
lrig2---egfr,5
gdf11---tgfbr1_acvr2a,5
vwf---gp1bb,5
wif1---ryk,5
gdf11---bmpr1a,5
sema6d---plxna1_kdr,5
ace2---slc6a19,5
osm---osmr_il6st,5
nrg1---adgrl1,5
wnt10b---lrp6,5
l1cam---ptprz1,5
lrig1---met,5
l1cam---nrp1,5
il13---il4r_il13ra1,5
